storm,wind,RI,shear
1.0,50.0,0.0,4.534344673156738
1.0,55.0,0.0,5.472551345825195
1.0,60.0,0.0,4.3837809562683105
1.0,60.0,0.0,6.122344493865967
1.0,60.0,0.0,9.203901290893555
1.0,55.0,0.0,11.85234260559082
1.0,50.0,0.0,13.68100357055664
2.0,50.0,0.0,6.58312463760376
2.0,55.0,0.0,7.472419738769531
2.0,55.0,0.0,9.17016315460205
2.0,50.0,0.0,10.501718521118164
2.0,50.0,0.0,10.522945404052734
3.0,50.0,1.0,3.590470552444458
3.0,55.0,1.0,4.841082572937012
3.0,60.0,1.0,4.698398590087891
3.0,70.0,1.0,4.4508819580078125
3.0,75.0,1.0,3.7871639728546143
3.0,75.0,0.0,3.8630309104919434
3.0,75.0,0.0,4.214166164398193
3.0,75.0,1.0,2.8796446323394775
3.0,80.0,1.0,4.522594451904297
3.0,90.0,1.0,6.233680725097656
3.0,95.0,1.0,5.9287543296813965
3.0,100.0,1.0,4.386735916137695
3.0,115.0,1.0,5.9380879402160645
3.0,120.0,1.0,6.877814292907715
3.0,125.0,1.0,6.811014175415039
3.0,130.0,1.0,5.631661415100098
3.0,135.0,1.0,6.9070868492126465
3.0,145.0,1.0,8.273551940917969
3.0,155.0,1.0,8.257084846496582
3.0,160.0,1.0,6.320138931274414
3.0,155.0,0.0,7.233785152435303
3.0,145.0,0.0,8.653383255004883
3.0,135.0,0.0,8.344706535339355
3.0,125.0,0.0,4.773563385009766
3.0,115.0,0.0,6.115070343017578
3.0,105.0,0.0,8.124259948730469
3.0,100.0,0.0,7.3562541007995605
3.0,95.0,0.0,4.4029765129089355
3.0,90.0,0.0,5.319355487823486
3.0,90.0,0.0,4.999576568603516
3.0,90.0,0.0,3.366431713104248
3.0,95.0,0.0,6.629857540130615
3.0,100.0,0.0,10.512027740478516
3.0,100.0,0.0,10.535930633544922
3.0,100.0,0.0,9.939345359802246
3.0,95.0,0.0,9.121874809265137
3.0,90.0,0.0,9.635074615478516
3.0,90.0,0.0,11.600682258605957
3.0,85.0,0.0,11.379541397094727
3.0,85.0,0.0,16.184114456176758
3.0,85.0,0.0,20.711257934570312
3.0,85.0,0.0,23.347190856933594
3.0,85.0,0.0,26.666566848754883
3.0,80.0,0.0,28.819673538208008
3.0,80.0,0.0,31.04280662536621
3.0,75.0,0.0,31.258275985717773
3.0,70.0,0.0,29.47834587097168
3.0,60.0,0.0,28.194793701171875
3.0,50.0,0.0,27.809370040893555
4.0,50.0,0.0,6.478902816772461
4.0,55.0,0.0,9.828767776489258
4.0,55.0,0.0,10.254154205322266
4.0,55.0,0.0,9.671483993530273
4.0,60.0,0.0,6.225270748138428
4.0,60.0,0.0,8.494011878967285
5.0,50.0,0.0,9.198257446289062
5.0,50.0,0.0,10.281534194946289
5.0,55.0,0.0,9.692283630371094
5.0,60.0,0.0,9.587329864501953
5.0,65.0,0.0,10.843643188476562
5.0,70.0,0.0,11.993494987487793
5.0,75.0,0.0,10.243183135986328
5.0,75.0,0.0,9.210139274597168
5.0,80.0,0.0,11.364240646362305
5.0,85.0,0.0,13.780288696289062
5.0,90.0,0.0,14.533217430114746
5.0,95.0,0.0,15.466132164001465
5.0,100.0,0.0,17.64789581298828
5.0,105.0,0.0,20.639205932617188
5.0,105.0,0.0,21.58478355407715
5.0,110.0,0.0,24.795146942138672
5.0,110.0,0.0,28.169912338256836
5.0,105.0,0.0,30.62310028076172
5.0,95.0,0.0,29.870838165283203
5.0,80.0,0.0,27.069683074951172
5.0,70.0,0.0,23.857364654541016
5.0,60.0,0.0,21.445022583007812
5.0,50.0,0.0,15.283007621765137
6.0,50.0,0.0,5.844086170196533
7.0,50.0,0.0,11.439291000366211
7.0,55.0,0.0,13.588074684143066
7.0,60.0,0.0,13.91367244720459
7.0,55.0,0.0,13.653639793395996
7.0,50.0,0.0,12.777143478393555
7.0,45.0,0.0,9.828794479370117
7.0,40.0,0.0,7.586480617523193
7.0,35.0,0.0,5.07565975189209
7.0,35.0,0.0,7.1152777671813965
7.0,35.0,0.0,8.25351619720459
7.0,40.0,0.0,7.224438190460205
7.0,45.0,0.0,6.898321628570557
7.0,50.0,0.0,6.326804161071777
7.0,55.0,0.0,5.206619739532471
7.0,55.0,1.0,7.1569504737854
7.0,60.0,1.0,8.5077486038208
7.0,70.0,1.0,6.658631801605225
7.0,75.0,1.0,6.58022928237915
7.0,80.0,1.0,6.371673107147217
7.0,85.0,1.0,7.443277835845947
7.0,80.0,0.0,9.18578052520752
7.0,75.0,0.0,10.054439544677734
7.0,70.0,0.0,7.630895614624023
7.0,60.0,0.0,9.095191955566406
7.0,50.0,0.0,11.087624549865723
8.0,50.0,0.0,30.327625274658203
8.0,55.0,0.0,27.798612594604492
8.0,55.0,0.0,25.55692481994629
8.0,55.0,0.0,27.21070671081543
8.0,45.0,0.0,26.30530548095703
8.0,45.0,0.0,28.17046546936035
8.0,45.0,0.0,29.393939971923828
8.0,50.0,0.0,30.9956111907959
8.0,55.0,0.0,32.28064727783203
8.0,60.0,0.0,32.77468490600586
8.0,65.0,0.0,31.37201499938965
8.0,65.0,0.0,30.373220443725586
8.0,65.0,0.0,27.251455307006836
8.0,60.0,0.0,26.843849182128906
8.0,55.0,0.0,21.552471160888672
8.0,55.0,0.0,18.370515823364258
8.0,55.0,0.0,18.40849494934082
8.0,50.0,0.0,21.148941040039062
8.0,50.0,0.0,25.720684051513672
8.0,50.0,0.0,26.571516036987305
8.0,50.0,0.0,23.891691207885742
8.0,50.0,0.0,20.548906326293945
8.0,50.0,0.0,18.33637046813965
8.0,45.0,0.0,17.844451904296875
8.0,45.0,0.0,16.910686492919922
8.0,45.0,1.0,14.270601272583008
8.0,55.0,1.0,12.090909004211426
8.0,65.0,1.0,14.724411010742188
8.0,75.0,1.0,13.24170207977295
8.0,75.0,0.0,8.397680282592773
8.0,70.0,0.0,12.478608131408691
8.0,65.0,0.0,8.449326515197754
8.0,55.0,0.0,8.720157623291016
8.0,55.0,0.0,11.70691967010498
8.0,55.0,0.0,12.922091484069824
8.0,55.0,0.0,15.392670631408691
8.0,55.0,0.0,16.79181671142578
8.0,55.0,0.0,12.615185737609863
8.0,70.0,0.0,8.645712852478027
9.0,50.0,1.0,5.362612247467041
9.0,60.0,1.0,5.485889911651611
9.0,70.0,1.0,6.650660037994385
9.0,85.0,1.0,6.527546405792236
9.0,95.0,1.0,5.407227039337158
9.0,110.0,1.0,5.238656520843506
9.0,130.0,1.0,6.726597785949707
9.0,120.0,0.0,9.089034080505371
9.0,115.0,0.0,13.104745864868164
9.0,110.0,0.0,15.254796981811523
9.0,95.0,0.0,17.361120223999023
9.0,85.0,0.0,17.578258514404297
9.0,75.0,0.0,18.79922866821289
9.0,60.0,0.0,21.195026397705078
10.0,50.0,1.0,1.7967760562896729
10.0,55.0,1.0,0.9428812265396118
10.0,65.0,1.0,1.1932873725891113
10.0,80.0,1.0,0.5855027437210083
10.0,95.0,1.0,0.3228464722633362
10.0,100.0,1.0,0.37144237756729126
10.0,100.0,0.0,0.374864399433136
10.0,100.0,0.0,2.0788376331329346
10.0,100.0,0.0,2.5599894523620605
10.0,100.0,0.0,2.439781665802002
10.0,100.0,0.0,2.2777669429779053
10.0,95.0,0.0,4.224722862243652
10.0,95.0,0.0,4.007065773010254
10.0,95.0,0.0,4.753674507141113
10.0,95.0,0.0,5.08344030380249
10.0,100.0,0.0,4.725618362426758
10.0,100.0,0.0,4.216519832611084
10.0,100.0,1.0,2.605870246887207
10.0,105.0,1.0,1.8295245170593262
10.0,110.0,1.0,2.9232654571533203
10.0,115.0,1.0,2.1219778060913086
10.0,125.0,1.0,1.2717934846878052
10.0,135.0,1.0,2.3169162273406982
10.0,150.0,1.0,5.371499538421631
10.0,155.0,1.0,2.969259262084961
10.0,155.0,0.0,0.6752665042877197
10.0,155.0,0.0,3.546994209289551
10.0,155.0,0.0,2.9818382263183594
10.0,150.0,0.0,3.0654170513153076
10.0,150.0,0.0,5.032860279083252
10.0,145.0,0.0,4.565977573394775
10.0,145.0,0.0,4.123260498046875
10.0,145.0,0.0,5.800710678100586
10.0,140.0,0.0,4.23911714553833
10.0,135.0,0.0,5.503908634185791
10.0,135.0,0.0,4.961221218109131
10.0,140.0,0.0,3.0764946937561035
10.0,145.0,0.0,3.835996150970459
10.0,130.0,0.0,5.391533851623535
10.0,110.0,0.0,5.512837886810303
10.0,95.0,0.0,4.289065837860107
10.0,100.0,0.0,5.702999114990234
10.0,115.0,0.0,7.648306846618652
10.0,115.0,0.0,10.830497741699219
10.0,100.0,0.0,13.228927612304688
10.0,80.0,0.0,16.75565528869629
10.0,65.0,0.0,19.481794357299805
10.0,50.0,0.0,19.0843563079834
11.0,50.0,0.0,12.939552307128906
11.0,50.0,0.0,11.834064483642578
11.0,50.0,0.0,8.333703994750977
12.0,50.0,0.0,3.1678049564361572
12.0,55.0,0.0,2.7032358646392822
12.0,50.0,0.0,3.868945598602295
13.0,50.0,0.0,3.8407328128814697
13.0,55.0,0.0,3.877730369567871
13.0,55.0,0.0,4.497525215148926
13.0,55.0,0.0,5.608883857727051
13.0,60.0,0.0,5.577018737792969
13.0,60.0,1.0,5.899253845214844
13.0,65.0,1.0,5.399205207824707
13.0,75.0,1.0,6.599218368530273
13.0,90.0,1.0,8.152103424072266
13.0,105.0,1.0,10.216498374938965
13.0,105.0,0.0,10.910369873046875
13.0,105.0,0.0,9.167553901672363
13.0,105.0,0.0,7.677606582641602
13.0,110.0,0.0,8.98367977142334
13.0,115.0,0.0,6.521866798400879
13.0,120.0,0.0,3.2380013465881348
13.0,120.0,0.0,4.033583641052246
13.0,120.0,0.0,5.809834003448486
13.0,110.0,0.0,5.459834575653076
13.0,100.0,0.0,3.9885923862457275
13.0,100.0,0.0,3.344210386276245
13.0,105.0,0.0,2.26636004447937
13.0,110.0,0.0,2.2397449016571045
13.0,110.0,0.0,3.0080173015594482
13.0,110.0,0.0,3.6687419414520264
13.0,110.0,0.0,4.444608688354492
13.0,105.0,0.0,5.140904903411865
13.0,100.0,0.0,5.7585835456848145
13.0,90.0,0.0,5.057817459106445
13.0,85.0,0.0,3.5939807891845703
13.0,80.0,0.0,3.647258996963501
13.0,75.0,0.0,2.5878891944885254
13.0,75.0,0.0,3.1387228965759277
13.0,75.0,0.0,2.753687858581543
13.0,70.0,0.0,1.0743052959442139
13.0,70.0,0.0,2.7816038131713867
13.0,65.0,0.0,4.780426502227783
13.0,60.0,0.0,5.72384786605835
13.0,60.0,0.0,6.066248893737793
13.0,55.0,0.0,8.052997589111328
13.0,55.0,0.0,7.955661296844482
13.0,55.0,0.0,8.423754692077637
13.0,55.0,0.0,8.016069412231445
13.0,55.0,0.0,11.492406845092773
13.0,55.0,0.0,11.823848724365234
13.0,55.0,0.0,14.054917335510254
13.0,55.0,0.0,15.694498062133789
13.0,55.0,0.0,18.286916732788086
14.0,50.0,0.0,3.6301918029785156
14.0,55.0,0.0,2.0610508918762207
14.0,55.0,0.0,3.7211475372314453
14.0,60.0,1.0,4.943070411682129
14.0,65.0,1.0,5.269847393035889
14.0,70.0,1.0,5.548959732055664
14.0,75.0,1.0,4.407340049743652
14.0,85.0,1.0,4.695354461669922
14.0,95.0,1.0,4.684879779815674
14.0,105.0,1.0,4.175246238708496
14.0,120.0,1.0,3.6792235374450684
14.0,115.0,0.0,3.5893642902374268
14.0,110.0,0.0,2.9280014038085938
14.0,110.0,0.0,2.117326259613037
14.0,110.0,0.0,1.6713082790374756
14.0,110.0,0.0,2.6488382816314697
14.0,105.0,0.0,3.0694847106933594
14.0,100.0,0.0,3.0782930850982666
14.0,95.0,0.0,2.2439424991607666
14.0,90.0,0.0,3.665471076965332
14.0,85.0,0.0,4.0630879402160645
14.0,75.0,0.0,5.73540735244751
14.0,70.0,0.0,6.85544490814209
14.0,60.0,0.0,8.010311126708984
14.0,55.0,0.0,9.120450019836426
15.0,50.0,1.0,6.453775882720947
15.0,55.0,1.0,5.563333988189697
15.0,60.0,1.0,5.850102424621582
15.0,65.0,1.0,4.742388725280762
15.0,80.0,1.0,3.566314697265625
15.0,95.0,1.0,1.7121286392211914
15.0,115.0,1.0,1.223707675933838
15.0,115.0,0.0,2.17366623878479
15.0,105.0,0.0,5.1692609786987305
15.0,95.0,0.0,7.570777416229248
15.0,85.0,0.0,10.19694709777832
15.0,75.0,0.0,9.351547241210938
15.0,65.0,0.0,6.374667167663574
15.0,60.0,0.0,4.917795181274414
15.0,50.0,0.0,6.4323859214782715
16.0,50.0,1.0,7.9266791343688965
16.0,55.0,1.0,9.065452575683594
16.0,60.0,1.0,7.870603561401367
16.0,70.0,1.0,7.2052507400512695
16.0,65.0,0.0,6.890528202056885
16.0,60.0,0.0,5.40114688873291
16.0,55.0,0.0,2.4830567836761475
16.0,55.0,0.0,2.576528787612915
16.0,60.0,0.0,2.3811028003692627
16.0,65.0,0.0,2.2704081535339355
16.0,75.0,0.0,2.1317968368530273
16.0,70.0,0.0,3.087351083755493
16.0,60.0,0.0,2.762481212615967
16.0,55.0,0.0,5.1417388916015625
17.0,50.0,1.0,8.125625610351562
17.0,60.0,1.0,7.553129196166992
17.0,65.0,1.0,6.690874099731445
17.0,75.0,1.0,7.1642656326293945
17.0,90.0,1.0,7.5814290046691895
17.0,100.0,1.0,7.42304801940918
17.0,110.0,1.0,6.047110080718994
17.0,100.0,0.0,6.752998352050781
17.0,95.0,0.0,7.113528728485107
17.0,85.0,0.0,6.4682817459106445
17.0,85.0,1.0,5.453505992889404
17.0,90.0,1.0,3.8337879180908203
17.0,100.0,1.0,3.2382376194000244
17.0,110.0,1.0,2.516307830810547
17.0,115.0,1.0,2.7714619636535645
17.0,105.0,0.0,1.8574875593185425
17.0,95.0,0.0,1.180063009262085
17.0,90.0,0.0,1.1776992082595825
17.0,85.0,0.0,0.8322985768318176
17.0,80.0,0.0,3.0922698974609375
17.0,75.0,0.0,3.7280778884887695
17.0,75.0,0.0,2.8382091522216797
17.0,75.0,0.0,0.5836262702941895
17.0,70.0,0.0,2.0230932235717773
17.0,65.0,0.0,3.497714042663574
17.0,65.0,0.0,4.091238021850586
17.0,75.0,0.0,2.8743836879730225
17.0,75.0,0.0,4.559747695922852
17.0,75.0,0.0,5.575282096862793
17.0,70.0,0.0,4.948117733001709
17.0,65.0,0.0,4.2786335945129395
17.0,60.0,0.0,6.181456565856934
17.0,55.0,0.0,8.867293357849121
17.0,50.0,0.0,11.018026351928711
18.0,50.0,1.0,2.480682373046875
18.0,55.0,1.0,3.139333486557007
18.0,60.0,1.0,0.7013075947761536
18.0,65.0,1.0,0.7227063179016113
18.0,75.0,1.0,2.045931577682495
18.0,85.0,1.0,4.575953960418701
18.0,95.0,1.0,5.1438679695129395
18.0,110.0,1.0,5.186035633087158
18.0,105.0,0.0,6.376762390136719
18.0,95.0,0.0,6.072249889373779
18.0,85.0,0.0,8.0933198928833
18.0,75.0,0.0,8.917590141296387
18.0,65.0,0.0,9.23283863067627
18.0,55.0,0.0,9.90259075164795
18.0,50.0,0.0,9.263290405273438
19.0,50.0,0.0,5.342215061187744
19.0,55.0,0.0,4.113673686981201
19.0,55.0,0.0,4.322113513946533
19.0,60.0,0.0,5.6741943359375
19.0,65.0,0.0,8.02742862701416
19.0,70.0,0.0,8.033344268798828
19.0,70.0,0.0,8.690754890441895
19.0,65.0,0.0,8.720539093017578
19.0,60.0,0.0,11.603438377380371
19.0,55.0,0.0,9.872456550598145
19.0,55.0,0.0,9.719306945800781
19.0,55.0,0.0,10.8975248336792
19.0,55.0,0.0,11.903583526611328
19.0,60.0,0.0,11.593119621276855
19.0,60.0,0.0,11.645773887634277
19.0,60.0,0.0,11.587310791015625
19.0,55.0,0.0,10.945329666137695
19.0,50.0,0.0,10.202555656433105
19.0,50.0,0.0,12.724164009094238
19.0,50.0,0.0,12.727831840515137
20.0,55.0,0.0,5.7657952308654785
20.0,60.0,0.0,7.6604790687561035
20.0,65.0,0.0,10.01855754852295
20.0,65.0,0.0,11.748396873474121
20.0,65.0,0.0,12.685413360595703
20.0,65.0,0.0,13.109809875488281
20.0,60.0,0.0,11.514657974243164
20.0,55.0,0.0,13.041050910949707
20.0,55.0,0.0,10.893147468566895
20.0,50.0,0.0,8.742236137390137
20.0,50.0,0.0,8.831339836120605
21.0,50.0,0.0,5.087975978851318
21.0,50.0,0.0,4.650686740875244
21.0,50.0,1.0,6.815721035003662
21.0,55.0,1.0,7.636550426483154
21.0,60.0,1.0,4.589322090148926
21.0,65.0,1.0,1.9188265800476074
21.0,75.0,1.0,1.1708862781524658
21.0,85.0,1.0,2.4695026874542236
21.0,95.0,1.0,3.090627431869507
21.0,90.0,0.0,1.5523126125335693
21.0,85.0,0.0,0.6971824169158936
21.0,75.0,0.0,1.3760029077529907
21.0,75.0,1.0,0.7866971492767334
21.0,80.0,1.0,2.0111911296844482
21.0,95.0,1.0,2.6698901653289795
21.0,105.0,1.0,4.514547348022461
21.0,115.0,1.0,5.159576416015625
21.0,115.0,0.0,5.609308242797852
21.0,110.0,0.0,5.457001209259033
21.0,105.0,0.0,3.4474799633026123
21.0,105.0,0.0,3.3591036796569824
21.0,120.0,0.0,3.3570430278778076
21.0,125.0,0.0,4.313090801239014
21.0,120.0,0.0,2.891876459121704
21.0,115.0,0.0,4.897890567779541
21.0,105.0,0.0,5.3780694007873535
21.0,95.0,0.0,4.845026969909668
21.0,90.0,0.0,3.653092622756958
21.0,100.0,0.0,3.645181894302368
21.0,110.0,0.0,3.9418933391571045
21.0,100.0,0.0,5.622920513153076
21.0,95.0,0.0,7.04279088973999
21.0,90.0,0.0,8.476987838745117
21.0,85.0,0.0,10.357857704162598
21.0,80.0,0.0,10.785104751586914
21.0,75.0,0.0,10.865671157836914
21.0,70.0,0.0,12.737043380737305
21.0,65.0,0.0,11.456853866577148
21.0,55.0,0.0,11.665534973144531
21.0,50.0,0.0,11.271163940429688
21.0,45.0,0.0,11.44398021697998
21.0,45.0,0.0,12.054780960083008
21.0,50.0,0.0,13.154571533203125
21.0,50.0,0.0,11.363486289978027
21.0,50.0,0.0,10.180724143981934
21.0,50.0,0.0,8.967348098754883
21.0,50.0,0.0,7.815357208251953
21.0,50.0,0.0,7.916169166564941
21.0,50.0,0.0,6.823178768157959
22.0,55.0,1.0,2.687044858932495
22.0,65.0,1.0,1.9121830463409424
22.0,70.0,1.0,1.858683705329895
22.0,75.0,1.0,3.033799409866333
22.0,70.0,0.0,4.2792534828186035
22.0,65.0,0.0,5.984673023223877
22.0,60.0,0.0,6.620807647705078
22.0,50.0,0.0,6.527054786682129
23.0,50.0,0.0,13.841248512268066
23.0,55.0,0.0,14.8883056640625
23.0,50.0,0.0,14.704861640930176
24.0,50.0,0.0,5.579107284545898
24.0,55.0,0.0,5.140622138977051
24.0,55.0,0.0,6.053282260894775
24.0,55.0,0.0,6.646281719207764
24.0,55.0,0.0,7.61773157119751
24.0,55.0,0.0,8.96584701538086
24.0,50.0,0.0,9.154918670654297
24.0,50.0,0.0,8.433260917663574
24.0,55.0,0.0,8.867016792297363
24.0,60.0,0.0,9.181427955627441
24.0,65.0,0.0,7.922521591186523
24.0,65.0,0.0,7.759727478027344
24.0,70.0,0.0,7.499349594116211
24.0,70.0,0.0,6.873079776763916
24.0,75.0,0.0,4.8639326095581055
24.0,75.0,0.0,6.6201677322387695
24.0,80.0,0.0,9.608260154724121
24.0,80.0,0.0,12.627767562866211
24.0,85.0,0.0,14.985285758972168
24.0,85.0,0.0,17.051889419555664
24.0,75.0,0.0,18.865577697753906
24.0,65.0,0.0,19.143190383911133
24.0,50.0,0.0,20.9132022857666
25.0,50.0,0.0,5.434550762176514
25.0,55.0,0.0,6.091318607330322
25.0,60.0,1.0,6.794650554656982
25.0,65.0,1.0,5.118061065673828
25.0,70.0,1.0,5.422318458557129
25.0,75.0,1.0,5.113509654998779
25.0,85.0,1.0,4.772702217102051
25.0,90.0,1.0,5.250034332275391
25.0,95.0,1.0,6.0754828453063965
25.0,95.0,0.0,4.108529567718506
25.0,90.0,0.0,1.8584043979644775
25.0,85.0,0.0,2.8751213550567627
25.0,80.0,0.0,4.228999614715576
25.0,75.0,0.0,3.41904616355896
25.0,60.0,0.0,4.7986040115356445
25.0,55.0,0.0,4.596220016479492
26.0,50.0,0.0,2.9815680980682373
26.0,55.0,0.0,2.3859896659851074
26.0,60.0,0.0,1.4584343433380127
26.0,65.0,0.0,1.8474889993667603
26.0,65.0,0.0,2.6816985607147217
26.0,65.0,0.0,3.720473527908325
26.0,65.0,0.0,4.125877857208252
26.0,60.0,0.0,2.8091824054718018
26.0,60.0,0.0,4.36453104019165
26.0,60.0,0.0,6.019465446472168
26.0,60.0,0.0,5.907495498657227
26.0,55.0,0.0,6.74047327041626
26.0,55.0,0.0,8.704118728637695
26.0,55.0,0.0,11.040602684020996
26.0,50.0,0.0,9.164708137512207
27.0,50.0,1.0,27.95389747619629
27.0,60.0,1.0,23.034046173095703
27.0,65.0,1.0,17.491418838500977
27.0,70.0,1.0,12.787579536437988
27.0,70.0,0.0,9.410076141357422
27.0,65.0,0.0,8.084399223327637
27.0,60.0,0.0,7.370511531829834
27.0,55.0,0.0,8.237200736999512
27.0,55.0,0.0,8.072032928466797
27.0,55.0,0.0,7.023421764373779
27.0,50.0,0.0,8.75424861907959
27.0,50.0,0.0,7.2242326736450195
27.0,50.0,0.0,6.53924560546875
28.0,55.0,0.0,12.856646537780762
28.0,55.0,0.0,8.92272663116455
28.0,50.0,0.0,8.284602165222168
29.0,65.0,1.0,6.025481700897217
29.0,70.0,1.0,7.506449222564697
29.0,70.0,0.0,7.846900939941406
29.0,70.0,0.0,7.0791850090026855
29.0,70.0,0.0,5.161167621612549
29.0,75.0,0.0,4.878443717956543
29.0,80.0,0.0,5.315183639526367
29.0,85.0,0.0,4.180041790008545
29.0,90.0,0.0,3.3809056282043457
29.0,70.0,0.0,2.5575990676879883
30.0,50.0,1.0,3.7474660873413086
30.0,60.0,1.0,3.258043050765991
30.0,75.0,1.0,0.19107137620449066
30.0,90.0,1.0,1.808455228805542
30.0,115.0,1.0,1.536741018295288
30.0,150.0,1.0,2.3800535202026367
30.0,180.0,1.0,2.7515876293182373
30.0,185.0,1.0,5.171064376831055
30.0,180.0,0.0,6.75975227355957
30.0,110.0,0.0,11.492863655090332
30.0,50.0,0.0,17.78972053527832
31.0,50.0,0.0,27.331491470336914
31.0,50.0,0.0,30.24365234375
31.0,50.0,0.0,31.51816177368164
31.0,50.0,0.0,31.074045181274414
32.0,50.0,1.0,2.470654010772705
32.0,60.0,1.0,1.2544218301773071
32.0,75.0,1.0,2.574181079864502
32.0,95.0,1.0,3.924466371536255
32.0,105.0,1.0,5.512778282165527
32.0,115.0,1.0,6.102325916290283
32.0,115.0,0.0,6.476253986358643
32.0,110.0,0.0,6.381008148193359
32.0,100.0,0.0,6.058861255645752
32.0,90.0,0.0,6.0251946449279785
32.0,85.0,0.0,4.85220193862915
32.0,75.0,0.0,4.312919616699219
32.0,70.0,0.0,4.773601531982422
32.0,60.0,0.0,4.675914764404297
32.0,50.0,0.0,2.596994161605835
32.0,45.0,0.0,2.0396549701690674
32.0,45.0,0.0,1.8977336883544922
32.0,50.0,0.0,0.3064862787723541
32.0,55.0,0.0,0.39227744936943054
32.0,55.0,0.0,1.2366122007369995
32.0,55.0,0.0,1.1347200870513916
32.0,50.0,0.0,1.4573125839233398
32.0,45.0,0.0,3.721784830093384
32.0,45.0,0.0,4.914587020874023
32.0,45.0,0.0,6.29647970199585
32.0,50.0,0.0,6.951813220977783
32.0,50.0,0.0,7.756494045257568
32.0,55.0,0.0,7.35180139541626
32.0,55.0,0.0,5.17055606842041
32.0,50.0,0.0,3.335073471069336
32.0,45.0,0.0,2.8905277252197266
32.0,40.0,0.0,1.023751139640808
32.0,35.0,0.0,2.1822752952575684
32.0,35.0,0.0,4.245388984680176
32.0,35.0,0.0,3.91033935546875
32.0,35.0,0.0,1.4601829051971436
32.0,35.0,0.0,2.8945584297180176
32.0,45.0,0.0,2.4079856872558594
32.0,50.0,0.0,3.6004014015197754
32.0,50.0,0.0,7.099630355834961
33.0,55.0,1.0,6.188431262969971
33.0,65.0,1.0,6.4216790199279785
33.0,75.0,1.0,5.6892242431640625
33.0,90.0,1.0,5.19895076751709
33.0,100.0,1.0,4.426702976226807
33.0,110.0,1.0,3.6746628284454346
33.0,120.0,1.0,3.6468355655670166
33.0,115.0,0.0,4.036919116973877
33.0,110.0,0.0,3.146010398864746
33.0,100.0,0.0,2.079345703125
33.0,85.0,0.0,1.6570016145706177
33.0,70.0,0.0,2.664050340652466
33.0,60.0,0.0,2.676206350326538
34.0,50.0,0.0,8.666264533996582
34.0,50.0,0.0,8.549295425415039
35.0,50.0,0.0,1.5857861042022705
35.0,50.0,0.0,2.376997947692871
35.0,55.0,0.0,3.884361505508423
35.0,65.0,0.0,5.018090724945068
35.0,60.0,0.0,7.731882095336914
35.0,55.0,0.0,9.486211776733398
35.0,50.0,0.0,10.624763488769531
36.0,50.0,0.0,10.623221397399902
36.0,50.0,0.0,11.41530990600586
36.0,55.0,0.0,11.256305694580078
36.0,55.0,0.0,11.377220153808594
36.0,50.0,0.0,8.995837211608887
37.0,50.0,0.0,5.128170013427734
37.0,50.0,0.0,5.231316566467285
37.0,50.0,0.0,4.264054775238037
38.0,50.0,0.0,4.281347274780273
38.0,50.0,0.0,4.105140209197998
39.0,50.0,1.0,2.3340086936950684
39.0,60.0,1.0,3.9052631855010986
39.0,70.0,1.0,5.716683864593506
39.0,75.0,1.0,7.210294246673584
39.0,80.0,1.0,7.645272254943848
39.0,70.0,0.0,6.584792137145996
39.0,55.0,0.0,7.0250020027160645
40.0,50.0,1.0,2.1700079441070557
40.0,65.0,1.0,2.5255322456359863
40.0,80.0,1.0,4.043915271759033
40.0,100.0,1.0,6.126613616943359
40.0,90.0,0.0,8.022473335266113
40.0,65.0,0.0,7.102389812469482
41.0,55.0,0.0,7.206723213195801
41.0,60.0,0.0,7.671173572540283
41.0,60.0,0.0,8.143289566040039
41.0,65.0,0.0,8.094970703125
41.0,70.0,0.0,6.1522016525268555
41.0,70.0,0.0,4.787162780761719
41.0,70.0,0.0,5.411590099334717
41.0,75.0,0.0,6.5183634757995605
41.0,80.0,0.0,5.037361145019531
41.0,85.0,0.0,4.902976989746094
41.0,90.0,0.0,5.469810485839844
41.0,90.0,0.0,4.599383354187012
41.0,90.0,0.0,3.9830105304718018
41.0,95.0,0.0,3.1272222995758057
41.0,100.0,0.0,3.6438567638397217
41.0,105.0,0.0,3.5518085956573486
41.0,100.0,0.0,4.211220741271973
41.0,95.0,0.0,3.0380990505218506
41.0,90.0,0.0,3.9046785831451416
41.0,85.0,0.0,4.162363529205322
41.0,80.0,0.0,3.9238545894622803
41.0,75.0,0.0,2.298816204071045
41.0,70.0,0.0,2.342564105987549
41.0,65.0,0.0,3.0766336917877197
41.0,65.0,0.0,3.1797516345977783
41.0,60.0,0.0,3.1582753658294678
41.0,60.0,0.0,3.38972544670105
41.0,55.0,0.0,3.692772626876831
41.0,55.0,0.0,4.3133697509765625
41.0,55.0,0.0,5.458436965942383
41.0,50.0,0.0,5.978481292724609
41.0,50.0,0.0,6.383194923400879
41.0,50.0,0.0,6.026984691619873
41.0,55.0,0.0,5.691587448120117
41.0,55.0,0.0,5.1597490310668945
41.0,55.0,0.0,6.364659786224365
41.0,55.0,0.0,5.60181188583374
41.0,55.0,0.0,6.76814603805542
41.0,50.0,0.0,8.646106719970703
41.0,50.0,0.0,9.373629570007324
41.0,50.0,0.0,6.988463878631592
41.0,50.0,0.0,6.3569416999816895
42.0,50.0,0.0,10.298473358154297
42.0,55.0,0.0,9.638338088989258
42.0,60.0,0.0,8.18891429901123
42.0,65.0,0.0,8.754551887512207
42.0,70.0,0.0,9.136536598205566
42.0,75.0,0.0,8.043893814086914
42.0,80.0,0.0,5.910434246063232
42.0,85.0,0.0,6.559795379638672
42.0,90.0,0.0,8.455946922302246
42.0,90.0,0.0,9.836125373840332
42.0,80.0,0.0,7.45392370223999
42.0,80.0,0.0,7.1807990074157715
42.0,85.0,0.0,6.492595672607422
42.0,95.0,0.0,5.7192864418029785
42.0,100.0,0.0,7.933701515197754
42.0,100.0,0.0,11.66437816619873
42.0,95.0,0.0,13.098979949951172
42.0,90.0,0.0,13.25057601928711
42.0,85.0,0.0,13.485861778259277
42.0,80.0,0.0,14.831965446472168
42.0,75.0,0.0,20.91653060913086
42.0,70.0,0.0,21.813081741333008
42.0,65.0,0.0,19.407419204711914
42.0,60.0,0.0,20.642011642456055
42.0,50.0,0.0,20.242900848388672
43.0,55.0,0.0,2.626411199569702
43.0,55.0,0.0,1.3879700899124146
43.0,55.0,0.0,0.5417072176933289
43.0,60.0,0.0,3.559494972229004
43.0,65.0,0.0,5.721567630767822
43.0,65.0,0.0,6.607055187225342
43.0,65.0,0.0,9.652046203613281
43.0,65.0,0.0,11.879826545715332
43.0,60.0,0.0,11.188218116760254
43.0,55.0,0.0,11.537055015563965
43.0,55.0,0.0,12.849345207214355
43.0,55.0,0.0,10.79358196258545
43.0,55.0,0.0,8.396434783935547
43.0,55.0,0.0,5.1278557777404785
43.0,55.0,0.0,5.881132125854492
43.0,55.0,1.0,5.62423849105835
43.0,60.0,1.0,4.190906524658203
43.0,65.0,1.0,2.125427722930908
43.0,75.0,1.0,4.035376071929932
43.0,80.0,1.0,6.236309051513672
43.0,90.0,1.0,6.409823894500732
43.0,100.0,1.0,5.1722002029418945
43.0,105.0,1.0,4.828070640563965
43.0,100.0,0.0,5.13588809967041
43.0,95.0,0.0,5.4484381675720215
43.0,90.0,0.0,4.179909706115723
43.0,85.0,0.0,4.325842380523682
43.0,85.0,0.0,5.101830005645752
43.0,85.0,0.0,6.5432562828063965
43.0,95.0,0.0,6.980344295501709
43.0,105.0,0.0,7.959871768951416
43.0,105.0,0.0,9.65087890625
43.0,100.0,0.0,9.261870384216309
43.0,95.0,0.0,10.215563774108887
43.0,90.0,0.0,12.342536926269531
43.0,85.0,0.0,11.401156425476074
43.0,80.0,0.0,11.61887264251709
43.0,75.0,0.0,12.182065963745117
43.0,70.0,0.0,13.893512725830078
43.0,65.0,0.0,13.801525115966797
43.0,60.0,0.0,12.519265174865723
44.0,50.0,1.0,4.20141077041626
44.0,60.0,1.0,3.314390182495117
44.0,70.0,1.0,3.0520105361938477
44.0,80.0,1.0,6.536703586578369
44.0,90.0,1.0,7.083239555358887
44.0,95.0,1.0,5.565614223480225
44.0,105.0,1.0,6.712543487548828
44.0,115.0,1.0,10.19603157043457
44.0,105.0,0.0,10.379051208496094
44.0,65.0,0.0,9.482243537902832
44.0,50.0,0.0,8.25261402130127
45.0,50.0,0.0,12.995227813720703
45.0,50.0,1.0,13.720035552978516
45.0,55.0,1.0,12.626986503601074
45.0,60.0,1.0,13.318441390991211
45.0,75.0,1.0,13.487326622009277
45.0,90.0,1.0,15.201409339904785
45.0,75.0,0.0,17.22728729248047
45.0,60.0,0.0,19.30413818359375
45.0,55.0,0.0,17.946924209594727
45.0,50.0,0.0,17.853395462036133
45.0,40.0,0.0,18.945898056030273
45.0,40.0,0.0,21.237651824951172
45.0,45.0,0.0,18.629384994506836
45.0,45.0,0.0,16.304157257080078
45.0,55.0,0.0,14.47839069366455
45.0,55.0,0.0,14.048280715942383
45.0,55.0,0.0,13.062285423278809
45.0,50.0,0.0,10.881172180175781
45.0,50.0,0.0,11.342314720153809
45.0,50.0,0.0,11.285783767700195
45.0,50.0,0.0,7.043729305267334
45.0,50.0,0.0,2.5523521900177
45.0,50.0,1.0,2.802945852279663
45.0,60.0,1.0,3.208388328552246
45.0,70.0,1.0,4.360774040222168
45.0,75.0,1.0,8.034021377563477
45.0,85.0,1.0,8.693811416625977
45.0,95.0,1.0,7.5460100173950195
45.0,105.0,1.0,9.526029586791992
45.0,115.0,1.0,14.581408500671387
45.0,120.0,1.0,16.228456497192383
45.0,110.0,0.0,16.624923706054688
45.0,95.0,0.0,19.855146408081055
45.0,85.0,0.0,22.505266189575195
45.0,75.0,0.0,23.499887466430664
45.0,70.0,0.0,23.43636131286621
45.0,65.0,0.0,24.91541290283203
45.0,65.0,0.0,26.85615348815918
45.0,75.0,0.0,28.433216094970703
45.0,75.0,0.0,26.49898338317871
45.0,75.0,0.0,25.553590774536133
45.0,75.0,0.0,23.1394100189209
45.0,70.0,0.0,17.466981887817383
45.0,70.0,0.0,17.679134368896484
45.0,65.0,0.0,16.944486618041992
45.0,65.0,0.0,14.458738327026367
45.0,65.0,0.0,11.28027057647705
45.0,65.0,0.0,9.494246482849121
45.0,65.0,0.0,9.698751449584961
45.0,60.0,0.0,11.02667236328125
45.0,55.0,0.0,6.763456344604492
45.0,55.0,0.0,8.984318733215332
45.0,50.0,0.0,15.439367294311523
45.0,50.0,0.0,13.19650936126709
45.0,50.0,0.0,14.0790433883667
45.0,50.0,0.0,9.940945625305176
46.0,50.0,0.0,12.475199699401855
46.0,55.0,0.0,12.551125526428223
46.0,55.0,0.0,13.057332038879395
46.0,60.0,0.0,11.937251091003418
46.0,65.0,0.0,11.506074905395508
46.0,65.0,0.0,4.379185676574707
46.0,65.0,0.0,4.052058219909668
46.0,60.0,0.0,0.7932314872741699
46.0,50.0,0.0,5.856102466583252
46.0,50.0,0.0,10.018380165100098
46.0,45.0,0.0,11.270465850830078
46.0,45.0,0.0,11.662091255187988
46.0,40.0,0.0,14.555015563964844
46.0,40.0,0.0,13.713433265686035
46.0,40.0,0.0,13.12388801574707
46.0,45.0,0.0,12.405169486999512
46.0,45.0,0.0,12.639516830444336
46.0,45.0,0.0,14.713146209716797
46.0,45.0,0.0,12.600831031799316
46.0,45.0,0.0,11.059592247009277
46.0,45.0,0.0,13.561271667480469
46.0,50.0,0.0,11.452383041381836
46.0,50.0,0.0,9.053709983825684
46.0,50.0,0.0,8.027782440185547
46.0,50.0,0.0,9.983902931213379
46.0,55.0,0.0,9.176652908325195
46.0,55.0,0.0,7.9701714515686035
46.0,60.0,0.0,9.207406997680664
46.0,60.0,0.0,9.952746391296387
46.0,65.0,0.0,8.151222229003906
46.0,75.0,0.0,8.063728332519531
46.0,75.0,0.0,8.064896583557129
46.0,75.0,0.0,8.0047025680542
46.0,70.0,0.0,7.222314834594727
46.0,65.0,0.0,7.862049102783203
46.0,60.0,0.0,6.860140800476074
46.0,55.0,0.0,4.2839555740356445
46.0,55.0,0.0,1.3912421464920044
46.0,55.0,0.0,2.8158047199249268
46.0,50.0,0.0,3.3511037826538086
46.0,50.0,0.0,8.684818267822266
46.0,50.0,0.0,10.677491188049316
46.0,50.0,0.0,8.052033424377441
46.0,50.0,0.0,4.280868053436279
46.0,50.0,0.0,4.8064866065979
46.0,50.0,0.0,8.145411491394043
46.0,50.0,0.0,8.557936668395996
46.0,50.0,0.0,4.832517623901367
46.0,45.0,0.0,3.4468085765838623
46.0,45.0,0.0,5.9676408767700195
46.0,45.0,0.0,7.243240833282471
46.0,50.0,0.0,6.341246128082275
46.0,55.0,0.0,6.62687873840332
46.0,55.0,0.0,6.931063175201416
46.0,55.0,0.0,8.0603609085083
46.0,60.0,0.0,6.979740619659424
46.0,65.0,0.0,7.319169998168945
46.0,65.0,0.0,5.1929545402526855
46.0,65.0,0.0,4.101953029632568
46.0,65.0,0.0,3.7787280082702637
46.0,70.0,0.0,3.750178337097168
46.0,70.0,0.0,2.9027085304260254
46.0,70.0,0.0,4.580698013305664
46.0,75.0,0.0,6.445094585418701
46.0,80.0,0.0,6.532533168792725
46.0,80.0,0.0,5.238391876220703
46.0,75.0,0.0,7.288064956665039
46.0,75.0,0.0,9.537890434265137
46.0,70.0,0.0,9.715319633483887
46.0,65.0,0.0,11.916723251342773
46.0,65.0,0.0,14.646970748901367
46.0,60.0,0.0,12.530949592590332
47.0,50.0,1.0,4.158885955810547
47.0,55.0,1.0,4.60301399230957
47.0,65.0,1.0,4.513155460357666
47.0,75.0,1.0,5.3118062019348145
47.0,80.0,1.0,6.287694931030273
47.0,80.0,0.0,6.666152000427246
47.0,80.0,0.0,6.8824381828308105
47.0,80.0,0.0,5.7300286293029785
47.0,80.0,0.0,3.6671764850616455
47.0,80.0,0.0,2.675163984298706
47.0,80.0,0.0,2.027052402496338
47.0,80.0,1.0,0.8989781141281128
47.0,100.0,1.0,2.181596040725708
47.0,120.0,1.0,2.8975560665130615
47.0,120.0,1.0,3.556077003479004
47.0,125.0,1.0,5.000070095062256
47.0,115.0,0.0,6.930770397186279
47.0,105.0,0.0,9.106061935424805
47.0,100.0,0.0,9.763181686401367
47.0,100.0,0.0,10.957240104675293
47.0,90.0,0.0,12.3538179397583
47.0,90.0,0.0,12.726813316345215
47.0,85.0,0.0,13.51243782043457
47.0,80.0,0.0,15.656187057495117
47.0,75.0,0.0,12.741814613342285
47.0,65.0,0.0,10.856739044189453
47.0,60.0,0.0,11.161767959594727
47.0,60.0,0.0,12.972302436828613
47.0,60.0,0.0,11.858646392822266
47.0,65.0,0.0,9.91825008392334
47.0,65.0,0.0,7.076239109039307
47.0,65.0,0.0,4.9767584800720215
47.0,65.0,0.0,7.855541706085205
47.0,60.0,0.0,8.695148468017578
47.0,60.0,0.0,10.412786483764648
47.0,60.0,0.0,11.958837509155273
47.0,60.0,0.0,9.202059745788574
47.0,60.0,0.0,8.660075187683105
47.0,55.0,0.0,12.792047500610352
47.0,55.0,0.0,12.193803787231445
47.0,55.0,0.0,7.580972194671631
47.0,55.0,0.0,3.44360613822937
47.0,55.0,0.0,4.608846664428711
47.0,50.0,0.0,7.529922008514404
48.0,55.0,0.0,6.072726249694824
48.0,55.0,0.0,5.976526260375977
48.0,50.0,0.0,6.790438175201416
49.0,50.0,1.0,4.408858299255371
49.0,60.0,1.0,2.9817402362823486
49.0,65.0,1.0,2.6291112899780273
49.0,75.0,1.0,1.7766379117965698
49.0,90.0,1.0,1.631845474243164
49.0,110.0,1.0,2.612790584564209
49.0,130.0,1.0,2.445732831954956
49.0,140.0,1.0,1.431049108505249
49.0,140.0,0.0,3.176396131515503
49.0,135.0,0.0,4.738021373748779
49.0,130.0,0.0,6.369259357452393
49.0,120.0,0.0,7.023255348205566
49.0,115.0,0.0,9.863017082214355
49.0,125.0,0.0,11.85698413848877
49.0,120.0,0.0,13.569356918334961
49.0,115.0,0.0,13.369966506958008
49.0,110.0,0.0,14.74015998840332
49.0,100.0,0.0,13.958199501037598
49.0,85.0,0.0,8.877324104309082
49.0,65.0,0.0,6.463842391967773
49.0,60.0,0.0,6.015758037567139
49.0,55.0,0.0,9.162199974060059
49.0,50.0,0.0,9.103734970092773
50.0,50.0,0.0,12.204362869262695
51.0,50.0,0.0,5.344264507293701
51.0,50.0,0.0,5.101528644561768
51.0,50.0,0.0,5.628007888793945
51.0,40.0,0.0,5.7065839767456055
51.0,35.0,1.0,4.594097137451172
51.0,40.0,1.0,3.227440118789673
51.0,55.0,1.0,4.787524223327637
51.0,60.0,1.0,6.910459995269775
51.0,65.0,1.0,8.474982261657715
51.0,75.0,1.0,9.870003700256348
51.0,60.0,0.0,10.045416831970215
52.0,50.0,0.0,7.331071376800537
52.0,55.0,0.0,7.815482139587402
52.0,60.0,0.0,8.752684593200684
52.0,65.0,0.0,7.646454334259033
52.0,70.0,0.0,7.385476112365723
52.0,65.0,0.0,9.885348320007324
52.0,50.0,0.0,10.37777042388916
52.0,50.0,0.0,14.305303573608398
52.0,50.0,0.0,18.56821632385254
52.0,55.0,0.0,21.196136474609375
52.0,60.0,0.0,21.195571899414062
52.0,60.0,0.0,21.054906845092773
52.0,60.0,0.0,22.487825393676758
52.0,60.0,0.0,23.177486419677734
52.0,60.0,0.0,22.54350471496582
52.0,60.0,0.0,21.884531021118164
52.0,60.0,0.0,20.401742935180664
52.0,60.0,0.0,19.411487579345703
52.0,55.0,0.0,16.80753517150879
52.0,55.0,0.0,12.241900444030762
52.0,55.0,0.0,6.966885566711426
52.0,50.0,0.0,2.9722559452056885
53.0,55.0,0.0,7.452755451202393
53.0,55.0,0.0,8.025999069213867
53.0,60.0,0.0,7.073779106140137
53.0,65.0,0.0,4.491539001464844
53.0,70.0,0.0,3.5464162826538086
53.0,75.0,0.0,5.8347249031066895
53.0,60.0,0.0,7.036570072174072
53.0,40.0,0.0,5.999349117279053
53.0,35.0,0.0,4.616474628448486
53.0,35.0,0.0,7.625288963317871
53.0,40.0,0.0,8.101375579833984
53.0,50.0,0.0,6.214941501617432
53.0,50.0,0.0,6.288407802581787
54.0,55.0,1.0,5.042047023773193
54.0,60.0,1.0,6.235983371734619
54.0,65.0,1.0,5.961721897125244
54.0,75.0,1.0,5.708380699157715
54.0,80.0,1.0,4.36574649810791
54.0,100.0,1.0,2.834031343460083
54.0,110.0,1.0,1.855525255203247
54.0,145.0,1.0,2.8462417125701904
54.0,135.0,1.0,2.2246816158294678
54.0,140.0,1.0,1.7634048461914062
54.0,145.0,1.0,1.8078242540359497
54.0,150.0,0.0,1.706581473350525
54.0,140.0,0.0,2.7373721599578857
54.0,115.0,0.0,2.174618721008301
54.0,95.0,0.0,1.4546908140182495
54.0,95.0,0.0,4.253006935119629
54.0,100.0,0.0,5.655492305755615
54.0,100.0,0.0,6.992127418518066
54.0,105.0,0.0,8.062665939331055
54.0,110.0,0.0,9.106607437133789
54.0,110.0,0.0,11.528002738952637
54.0,110.0,0.0,12.428474426269531
54.0,110.0,0.0,12.355193138122559
54.0,105.0,0.0,13.884995460510254
54.0,100.0,0.0,12.877209663391113
54.0,100.0,0.0,12.53869342803955
54.0,100.0,0.0,10.61099624633789
54.0,100.0,0.0,9.474169731140137
54.0,95.0,0.0,8.252449989318848
54.0,95.0,0.0,6.366395950317383
54.0,90.0,0.0,4.967710018157959
54.0,85.0,0.0,5.8462419509887695
54.0,75.0,0.0,9.498611450195312
54.0,70.0,0.0,8.143424987792969
54.0,70.0,0.0,7.720463275909424
54.0,70.0,0.0,8.843718528747559
54.0,65.0,0.0,9.725984573364258
54.0,65.0,0.0,9.118518829345703
54.0,65.0,0.0,8.360308647155762
54.0,65.0,0.0,10.415410041809082
54.0,65.0,0.0,10.07914924621582
54.0,65.0,0.0,9.912044525146484
54.0,65.0,0.0,8.744850158691406
54.0,65.0,0.0,11.538166046142578
54.0,60.0,0.0,10.35146427154541
54.0,60.0,0.0,6.583835124969482
54.0,55.0,0.0,5.312604904174805
54.0,55.0,0.0,7.058261871337891
54.0,50.0,0.0,4.554581165313721
54.0,50.0,0.0,5.457919120788574
54.0,50.0,0.0,6.024169445037842
54.0,50.0,0.0,7.105220317840576
54.0,50.0,0.0,10.452086448669434
54.0,50.0,0.0,10.219477653503418
55.0,50.0,0.0,4.9510908126831055
55.0,55.0,0.0,5.194523811340332
55.0,60.0,0.0,5.081543922424316
55.0,60.0,1.0,5.409783840179443
55.0,65.0,1.0,6.042482852935791
55.0,75.0,1.0,5.6108269691467285
55.0,90.0,1.0,5.850942134857178
55.0,90.0,0.0,9.087655067443848
55.0,85.0,0.0,7.0916032791137695
55.0,80.0,0.0,8.813504219055176
55.0,75.0,0.0,12.58582878112793
55.0,65.0,0.0,14.597065925598145
55.0,60.0,0.0,15.343353271484375
55.0,55.0,0.0,14.831147193908691
56.0,50.0,1.0,4.582873344421387
56.0,55.0,1.0,4.246257781982422
56.0,60.0,1.0,4.151975631713867
56.0,75.0,1.0,3.836932420730591
56.0,100.0,1.0,3.2168476581573486
56.0,100.0,1.0,2.4279911518096924
56.0,110.0,1.0,1.3298368453979492
56.0,125.0,1.0,2.528327703475952
56.0,120.0,0.0,2.0728468894958496
56.0,115.0,0.0,3.0684099197387695
56.0,100.0,0.0,4.218832015991211
56.0,95.0,0.0,5.109935283660889
56.0,90.0,0.0,6.283483982086182
56.0,85.0,0.0,8.840238571166992
56.0,85.0,0.0,11.381752967834473
56.0,80.0,0.0,14.606502532958984
56.0,80.0,0.0,16.90428924560547
56.0,80.0,0.0,16.635753631591797
56.0,75.0,0.0,17.037677764892578
56.0,65.0,0.0,17.317142486572266
56.0,55.0,0.0,17.4039306640625
56.0,50.0,0.0,17.553720474243164
57.0,50.0,0.0,6.966568470001221
57.0,55.0,0.0,8.231675148010254
57.0,55.0,0.0,7.692041873931885
57.0,55.0,1.0,6.711826801300049
57.0,60.0,1.0,6.854226589202881
57.0,70.0,1.0,6.712725639343262
57.0,75.0,1.0,6.163757801055908
57.0,80.0,1.0,4.098702907562256
57.0,85.0,1.0,3.7823734283447266
57.0,95.0,1.0,3.719763994216919
57.0,105.0,1.0,4.753411293029785
57.0,115.0,1.0,5.295326232910156
57.0,125.0,1.0,7.276479244232178
57.0,125.0,0.0,9.08715534210205
57.0,120.0,0.0,8.236557960510254
57.0,110.0,0.0,7.0392374992370605
57.0,105.0,0.0,5.456998348236084
57.0,100.0,1.0,5.7409987449646
57.0,105.0,1.0,8.145506858825684
57.0,115.0,1.0,9.201703071594238
57.0,130.0,1.0,10.39995002746582
57.0,130.0,0.0,9.912379264831543
57.0,110.0,0.0,10.756231307983398
57.0,90.0,0.0,11.817696571350098
57.0,90.0,0.0,11.730610847473145
57.0,90.0,0.0,10.066556930541992
57.0,90.0,0.0,9.717183113098145
57.0,90.0,0.0,8.455789566040039
57.0,90.0,0.0,8.024827003479004
57.0,85.0,0.0,7.263471603393555
57.0,85.0,0.0,11.295183181762695
57.0,85.0,0.0,14.153730392456055
57.0,85.0,0.0,16.213964462280273
57.0,80.0,0.0,16.58121681213379
57.0,70.0,0.0,21.9962215423584
57.0,65.0,0.0,24.0589656829834
57.0,60.0,0.0,26.003198623657227
57.0,60.0,0.0,22.660306930541992
57.0,60.0,0.0,16.55638885498047
57.0,60.0,0.0,14.023565292358398
57.0,55.0,0.0,19.514616012573242
57.0,50.0,0.0,20.34197235107422
58.0,55.0,1.0,2.9010987281799316
58.0,65.0,1.0,3.2848331928253174
58.0,75.0,1.0,1.5069602727890015
58.0,90.0,1.0,0.7042054533958435
58.0,115.0,1.0,2.373445987701416
58.0,125.0,1.0,0.8804435133934021
58.0,120.0,0.0,4.4925456047058105
58.0,110.0,0.0,3.92862868309021
58.0,95.0,0.0,1.7699110507965088
58.0,85.0,0.0,4.4158616065979
58.0,85.0,0.0,6.058440685272217
58.0,85.0,0.0,6.634417533874512
58.0,80.0,0.0,6.528242111206055
58.0,80.0,1.0,5.671842575073242
58.0,90.0,1.0,7.722841739654541
58.0,100.0,1.0,7.994138717651367
58.0,115.0,1.0,6.15747594833374
58.0,105.0,0.0,6.757471084594727
58.0,105.0,0.0,8.715155601501465
58.0,95.0,0.0,8.156420707702637
58.0,85.0,0.0,7.389822959899902
58.0,60.0,0.0,7.4515275955200195
58.0,55.0,0.0,5.690887451171875
59.0,50.0,0.0,2.2855706214904785
59.0,55.0,0.0,3.1147701740264893
59.0,55.0,0.0,1.5822182893753052
59.0,55.0,0.0,0.8315181136131287
59.0,60.0,0.0,0.7083777785301208
59.0,60.0,0.0,1.4932267665863037
59.0,60.0,0.0,2.152571439743042
59.0,50.0,0.0,2.09108829498291
60.0,50.0,0.0,4.022315979003906
60.0,50.0,1.0,4.015996932983398
60.0,55.0,1.0,3.5574758052825928
60.0,65.0,1.0,4.266664028167725
60.0,75.0,1.0,4.84639835357666
60.0,85.0,1.0,3.987701654434204
60.0,100.0,1.0,3.9367716312408447
60.0,110.0,1.0,3.330810308456421
60.0,110.0,0.0,3.5578904151916504
60.0,105.0,0.0,1.5097039937973022
60.0,95.0,0.0,0.8894847631454468
60.0,85.0,0.0,1.4686450958251953
60.0,85.0,0.0,0.9368802905082703
60.0,80.0,0.0,0.7488172054290771
60.0,80.0,0.0,1.0009418725967407
60.0,80.0,0.0,1.1847586631774902
60.0,80.0,0.0,1.7488489151000977
60.0,75.0,0.0,2.966064453125
60.0,70.0,0.0,3.9726524353027344
60.0,70.0,0.0,4.686920642852783
60.0,60.0,0.0,3.9169578552246094
60.0,50.0,0.0,3.2653181552886963
61.0,50.0,0.0,5.333057403564453
61.0,55.0,0.0,8.545453071594238
61.0,60.0,0.0,8.9956636428833
61.0,60.0,0.0,11.192742347717285
61.0,65.0,0.0,14.509759902954102
61.0,70.0,0.0,19.891372680664062
61.0,75.0,0.0,24.059791564941406
61.0,65.0,0.0,27.301883697509766
61.0,65.0,0.0,29.291345596313477
61.0,65.0,0.0,27.37856674194336
61.0,55.0,0.0,25.502853393554688
61.0,55.0,0.0,21.689212799072266
61.0,50.0,0.0,19.701942443847656
62.0,55.0,1.0,3.0168681144714355
62.0,65.0,1.0,1.8859559297561646
62.0,70.0,1.0,0.9320845007896423
62.0,75.0,1.0,1.5067989826202393
62.0,80.0,1.0,0.9639868140220642
62.0,85.0,0.0,0.14916999638080597
62.0,90.0,0.0,1.9808801412582397
62.0,90.0,0.0,5.349147796630859
62.0,95.0,0.0,7.758725166320801
62.0,90.0,0.0,8.516103744506836
62.0,90.0,0.0,9.156156539916992
62.0,85.0,0.0,8.829377174377441
62.0,85.0,0.0,8.197547912597656
62.0,80.0,0.0,9.175069808959961
62.0,70.0,0.0,8.456413269042969
62.0,65.0,0.0,8.234923362731934
62.0,60.0,0.0,6.047195911407471
62.0,60.0,0.0,4.7756266593933105
62.0,55.0,0.0,5.830599784851074
62.0,55.0,0.0,6.377331256866455
62.0,55.0,0.0,6.388579845428467
62.0,55.0,0.0,5.418272495269775
62.0,55.0,0.0,5.620387077331543
62.0,50.0,0.0,6.52108097076416
62.0,50.0,0.0,4.016602039337158
62.0,50.0,0.0,4.070528984069824
62.0,50.0,0.0,4.540420055389404
63.0,50.0,0.0,7.4074273109436035
63.0,55.0,0.0,9.45041561126709
63.0,55.0,0.0,9.738924026489258
63.0,55.0,0.0,8.591267585754395
63.0,55.0,0.0,7.469532012939453
63.0,55.0,0.0,8.981380462646484
63.0,55.0,0.0,8.023515701293945
63.0,55.0,0.0,6.908201694488525
63.0,60.0,0.0,5.687864303588867
63.0,60.0,0.0,6.63568639755249
63.0,55.0,0.0,6.676393985748291
63.0,50.0,0.0,6.773271560668945
63.0,45.0,1.0,6.303356170654297
63.0,50.0,1.0,6.11680269241333
63.0,55.0,1.0,5.7693376541137695
63.0,65.0,1.0,4.905250549316406
63.0,70.0,1.0,5.011632442474365
63.0,75.0,1.0,5.26217794418335
63.0,75.0,0.0,5.467628479003906
63.0,60.0,0.0,3.6512718200683594
63.0,55.0,0.0,3.8054604530334473
64.0,50.0,0.0,2.2137844562530518
64.0,55.0,0.0,1.139710545539856
64.0,60.0,0.0,1.578853726387024
64.0,65.0,0.0,0.9568791389465332
64.0,65.0,0.0,0.7949841618537903
64.0,60.0,0.0,2.165024757385254
64.0,55.0,0.0,2.796024799346924
64.0,50.0,0.0,4.4844183921813965
65.0,50.0,0.0,7.705857753753662
65.0,55.0,0.0,5.913566589355469
65.0,65.0,0.0,6.294397830963135
65.0,65.0,0.0,7.192574501037598
65.0,60.0,0.0,8.889492988586426
65.0,55.0,0.0,11.516613006591797
65.0,50.0,0.0,13.077518463134766
66.0,55.0,1.0,3.4396021366119385
66.0,65.0,1.0,2.0613160133361816
66.0,75.0,1.0,1.9461021423339844
66.0,80.0,1.0,1.5512580871582031
66.0,75.0,0.0,2.182427167892456
66.0,70.0,0.0,3.761486768722534
66.0,65.0,0.0,7.217021942138672
66.0,60.0,0.0,9.152886390686035
67.0,50.0,0.0,9.02728271484375
67.0,50.0,0.0,9.83013916015625
67.0,55.0,0.0,12.09706974029541
67.0,55.0,0.0,13.023331642150879
67.0,55.0,0.0,14.161128044128418
67.0,50.0,0.0,14.83753776550293
67.0,50.0,0.0,14.493739128112793
68.0,50.0,1.0,1.2996172904968262
68.0,60.0,1.0,1.81371009349823
68.0,70.0,1.0,2.115541934967041
68.0,85.0,1.0,2.4028565883636475
68.0,95.0,1.0,1.3978785276412964
68.0,100.0,1.0,1.5123440027236938
68.0,90.0,0.0,2.3733747005462646
68.0,85.0,0.0,2.3592000007629395
68.0,75.0,0.0,2.1511950492858887
68.0,70.0,0.0,2.1430604457855225
68.0,60.0,0.0,2.3689656257629395
68.0,55.0,0.0,2.5435116291046143
68.0,50.0,0.0,3.5449471473693848
69.0,55.0,0.0,9.31563663482666
69.0,60.0,0.0,9.99103832244873
69.0,60.0,0.0,9.973152160644531
69.0,55.0,0.0,8.805008888244629
69.0,55.0,0.0,8.589061737060547
69.0,55.0,0.0,9.136131286621094
69.0,55.0,0.0,6.912557125091553
69.0,55.0,0.0,7.150883197784424
69.0,55.0,0.0,8.735726356506348
69.0,55.0,0.0,11.62552261352539
69.0,55.0,0.0,12.081473350524902
69.0,50.0,0.0,12.097009658813477
70.0,55.0,0.0,6.499705791473389
71.0,50.0,1.0,2.2251298427581787
71.0,55.0,1.0,1.8955090045928955
71.0,60.0,1.0,2.0071234703063965
71.0,65.0,1.0,2.6674692630767822
71.0,70.0,1.0,3.7288014888763428
71.0,80.0,1.0,5.151250839233398
71.0,100.0,1.0,6.161136627197266
71.0,115.0,1.0,7.669927597045898
71.0,115.0,0.0,6.572883129119873
71.0,110.0,0.0,4.754997253417969
71.0,105.0,0.0,4.848691940307617
71.0,100.0,0.0,7.503232002258301
71.0,90.0,0.0,9.219285011291504
71.0,80.0,0.0,12.480677604675293
71.0,75.0,0.0,14.850006103515625
71.0,70.0,0.0,17.97303581237793
71.0,60.0,0.0,18.121408462524414
71.0,55.0,0.0,20.993959426879883
72.0,50.0,1.0,3.343214511871338
72.0,55.0,1.0,4.496601581573486
72.0,65.0,1.0,4.912304878234863
72.0,75.0,1.0,5.2978739738464355
72.0,95.0,1.0,4.487069606781006
72.0,125.0,1.0,4.646961688995361
72.0,130.0,1.0,5.094624996185303
72.0,130.0,0.0,6.225638389587402
72.0,125.0,0.0,7.305178642272949
72.0,115.0,0.0,8.376049041748047
72.0,110.0,0.0,9.665400505065918
72.0,100.0,0.0,10.000947952270508
72.0,90.0,0.0,10.590872764587402
72.0,90.0,0.0,10.370829582214355
72.0,90.0,0.0,8.495499610900879
72.0,90.0,1.0,5.798813819885254
72.0,95.0,1.0,2.2353017330169678
72.0,115.0,1.0,3.5860648155212402
72.0,120.0,1.0,4.451094150543213
72.0,115.0,0.0,4.762697696685791
72.0,110.0,0.0,3.957230567932129
72.0,100.0,0.0,3.306360960006714
72.0,90.0,0.0,3.0802669525146484
72.0,80.0,0.0,4.255838394165039
72.0,75.0,0.0,6.168084621429443
72.0,75.0,0.0,6.629073143005371
72.0,70.0,0.0,7.118950843811035
72.0,70.0,1.0,8.096358299255371
72.0,80.0,1.0,8.251294136047363
72.0,100.0,1.0,8.562132835388184
72.0,105.0,1.0,8.579678535461426
72.0,105.0,0.0,9.748808860778809
72.0,105.0,0.0,11.936988830566406
72.0,100.0,0.0,14.305803298950195
72.0,95.0,0.0,15.359625816345215
72.0,85.0,0.0,17.86285400390625
72.0,75.0,0.0,20.25601577758789
72.0,65.0,0.0,22.216928482055664
72.0,60.0,0.0,23.331653594970703
72.0,60.0,0.0,24.25226402282715
72.0,55.0,0.0,24.681297302246094
72.0,50.0,0.0,24.809215545654297
73.0,50.0,0.0,3.3846945762634277
73.0,50.0,0.0,3.19388747215271
74.0,50.0,1.0,6.679238796234131
74.0,55.0,1.0,6.857301235198975
74.0,65.0,1.0,6.039401531219482
74.0,75.0,1.0,5.001332759857178
74.0,75.0,1.0,4.020176887512207
74.0,75.0,1.0,3.544262170791626
74.0,90.0,1.0,3.891838788986206
74.0,105.0,1.0,2.23522686958313
74.0,125.0,1.0,1.0063706636428833
74.0,130.0,1.0,2.147409677505493
74.0,120.0,0.0,2.392991065979004
74.0,105.0,0.0,3.710348129272461
74.0,95.0,0.0,5.629687309265137
74.0,85.0,0.0,6.7580742835998535
74.0,85.0,0.0,6.176832675933838
74.0,90.0,0.0,6.208827495574951
74.0,85.0,0.0,7.622323513031006
74.0,80.0,0.0,9.610666275024414
74.0,70.0,0.0,9.95803451538086
74.0,65.0,0.0,11.906729698181152
74.0,55.0,0.0,12.620309829711914
75.0,50.0,0.0,11.014117240905762
75.0,50.0,0.0,11.185365676879883
75.0,50.0,0.0,11.850146293640137
75.0,50.0,0.0,14.251063346862793
75.0,50.0,0.0,18.49980926513672
75.0,50.0,0.0,20.149229049682617
75.0,50.0,0.0,21.10226821899414
75.0,55.0,0.0,21.70688819885254
75.0,60.0,0.0,21.46384048461914
75.0,60.0,0.0,22.184215545654297
75.0,55.0,0.0,22.391014099121094
75.0,55.0,0.0,19.39433479309082
75.0,55.0,0.0,19.84180450439453
75.0,55.0,0.0,20.449230194091797
75.0,55.0,0.0,21.10786247253418
75.0,55.0,0.0,22.686559677124023
75.0,55.0,0.0,22.102951049804688
75.0,60.0,0.0,21.054967880249023
75.0,60.0,0.0,19.9746150970459
75.0,60.0,0.0,16.14549446105957
75.0,55.0,0.0,14.141047477722168
75.0,50.0,0.0,10.836762428283691
76.0,50.0,0.0,7.406510829925537
76.0,50.0,0.0,7.913028240203857
76.0,55.0,0.0,11.533125877380371
76.0,55.0,0.0,11.61955451965332
76.0,55.0,0.0,11.345118522644043
76.0,55.0,0.0,10.638799667358398
76.0,55.0,0.0,11.437177658081055
76.0,55.0,0.0,13.270268440246582
76.0,60.0,0.0,15.428478240966797
76.0,60.0,0.0,21.166641235351562
76.0,60.0,0.0,27.82931900024414
76.0,55.0,0.0,34.69057846069336
77.0,50.0,1.0,12.610262870788574
77.0,60.0,1.0,12.862810134887695
77.0,65.0,1.0,11.693482398986816
77.0,75.0,1.0,11.81006908416748
77.0,85.0,1.0,12.972983360290527
77.0,85.0,1.0,13.22233772277832
77.0,90.0,1.0,11.10246467590332
77.0,100.0,1.0,9.552120208740234
77.0,110.0,1.0,10.954998970031738
77.0,120.0,1.0,9.805682182312012
77.0,125.0,1.0,5.360219478607178
77.0,135.0,1.0,5.431342601776123
77.0,80.0,0.0,7.291431427001953
77.0,50.0,0.0,7.974269390106201
77.0,45.0,0.0,9.69919490814209
77.0,45.0,0.0,14.743410110473633
77.0,50.0,0.0,15.182026863098145
77.0,60.0,0.0,16.19569969177246
77.0,60.0,0.0,17.84331512451172
77.0,60.0,0.0,23.28045082092285
77.0,65.0,0.0,27.503068923950195
77.0,65.0,0.0,31.085865020751953
77.0,65.0,0.0,37.413673400878906
77.0,65.0,0.0,38.357200622558594
77.0,65.0,0.0,37.67404556274414
77.0,65.0,0.0,35.13526153564453
77.0,60.0,0.0,31.875192642211914
77.0,55.0,0.0,27.53695297241211
77.0,55.0,0.0,25.072301864624023
77.0,50.0,0.0,23.024744033813477
78.0,50.0,0.0,3.1041159629821777
78.0,50.0,1.0,3.778048038482666
78.0,55.0,1.0,5.1068806648254395
78.0,65.0,1.0,6.072547912597656
78.0,70.0,1.0,6.258498668670654
78.0,75.0,1.0,6.9015793800354
78.0,85.0,1.0,7.577572822570801
78.0,95.0,1.0,6.324428081512451
78.0,105.0,1.0,5.926407337188721
78.0,115.0,1.0,6.397703170776367
78.0,115.0,1.0,4.52549409866333
78.0,130.0,1.0,2.1478848457336426
78.0,130.0,0.0,2.3785555362701416
78.0,130.0,0.0,3.702651262283325
78.0,125.0,0.0,2.3379998207092285
78.0,115.0,0.0,3.3462343215942383
78.0,105.0,0.0,4.030930995941162
78.0,105.0,0.0,3.9033358097076416
78.0,105.0,0.0,2.4419538974761963
78.0,105.0,0.0,3.4672482013702393
78.0,100.0,0.0,5.050767421722412
78.0,95.0,0.0,5.606586933135986
78.0,100.0,0.0,7.471131801605225
78.0,105.0,0.0,7.378965854644775
78.0,105.0,0.0,7.824380874633789
78.0,105.0,0.0,6.612922668457031
78.0,105.0,0.0,7.837625026702881
78.0,105.0,0.0,13.696715354919434
78.0,105.0,0.0,15.5341215133667
78.0,95.0,0.0,15.114911079406738
78.0,85.0,0.0,11.692673683166504
78.0,80.0,0.0,10.001291275024414
78.0,80.0,0.0,10.716790199279785
78.0,80.0,0.0,11.611998558044434
78.0,75.0,0.0,13.402995109558105
78.0,65.0,0.0,16.946958541870117
78.0,55.0,0.0,16.713369369506836
78.0,50.0,0.0,16.62289810180664
79.0,50.0,1.0,5.738596439361572
79.0,60.0,1.0,4.752821922302246
79.0,75.0,1.0,3.6569161415100098
79.0,85.0,1.0,4.48107385635376
79.0,85.0,0.0,5.10859489440918
79.0,85.0,1.0,3.774167776107788
79.0,90.0,1.0,3.477755069732666
79.0,110.0,1.0,3.848583459854126
79.0,110.0,0.0,5.159584999084473
79.0,105.0,0.0,5.164632320404053
79.0,90.0,0.0,4.561180591583252
79.0,75.0,0.0,4.338839530944824
79.0,60.0,0.0,5.4563422203063965
79.0,55.0,0.0,6.489399433135986
80.0,50.0,0.0,13.868950843811035
80.0,50.0,0.0,14.278146743774414
80.0,50.0,0.0,18.42241668701172
80.0,50.0,0.0,18.318681716918945
81.0,50.0,0.0,8.777029991149902
81.0,45.0,0.0,1.9739561080932617
81.0,45.0,0.0,5.5819268226623535
81.0,45.0,0.0,7.206933498382568
81.0,45.0,0.0,7.526608467102051
81.0,50.0,0.0,7.052950859069824
81.0,50.0,0.0,9.047882080078125
81.0,55.0,0.0,8.986044883728027
81.0,55.0,0.0,7.080107688903809
81.0,50.0,0.0,7.770405292510986
81.0,50.0,0.0,10.034886360168457
81.0,50.0,0.0,13.852949142456055
82.0,50.0,0.0,1.715613842010498
82.0,50.0,0.0,3.0009467601776123
82.0,50.0,0.0,3.8861336708068848
82.0,50.0,0.0,4.386160850524902
82.0,50.0,0.0,4.889733791351318
82.0,55.0,0.0,6.517049789428711
82.0,60.0,0.0,6.941201210021973
82.0,65.0,0.0,7.477560520172119
82.0,65.0,1.0,8.535638809204102
82.0,70.0,1.0,8.527419090270996
82.0,75.0,1.0,7.561375617980957
82.0,85.0,1.0,9.174888610839844
82.0,95.0,1.0,11.522027015686035
82.0,105.0,1.0,12.561702728271484
82.0,115.0,1.0,11.815291404724121
82.0,115.0,0.0,13.709846496582031
82.0,105.0,0.0,14.956202507019043
82.0,90.0,0.0,14.574824333190918
82.0,75.0,0.0,12.986577033996582
82.0,60.0,0.0,13.49747085571289
82.0,55.0,0.0,13.791882514953613
82.0,55.0,0.0,12.719565391540527
82.0,55.0,0.0,11.779397010803223
82.0,55.0,0.0,12.322661399841309
82.0,55.0,0.0,11.883917808532715
82.0,55.0,0.0,8.522486686706543
82.0,60.0,0.0,5.545258522033691
82.0,60.0,0.0,6.613262176513672
82.0,60.0,1.0,8.571548461914062
82.0,65.0,1.0,7.627316474914551
82.0,70.0,1.0,6.117486000061035
82.0,80.0,1.0,6.767284393310547
82.0,90.0,1.0,7.552604675292969
82.0,105.0,1.0,4.502331256866455
82.0,120.0,1.0,2.8762426376342773
82.0,115.0,0.0,2.982771158218384
82.0,115.0,0.0,2.066420316696167
82.0,125.0,0.0,1.0610870122909546
82.0,130.0,0.0,1.6560070514678955
82.0,120.0,0.0,0.8012328743934631
82.0,115.0,0.0,2.1244149208068848
82.0,115.0,0.0,3.586773633956909
82.0,110.0,0.0,4.290694236755371
82.0,105.0,0.0,3.663527488708496
82.0,100.0,0.0,4.862369060516357
82.0,95.0,0.0,6.722317695617676
82.0,90.0,0.0,7.333581447601318
82.0,90.0,0.0,8.44389820098877
82.0,85.0,0.0,7.602297782897949
82.0,80.0,0.0,6.916586399078369
82.0,65.0,0.0,6.753730773925781
82.0,60.0,0.0,6.6328349113464355
82.0,55.0,0.0,7.6138129234313965
82.0,55.0,0.0,8.517864227294922
82.0,50.0,0.0,6.422192096710205
83.0,50.0,0.0,18.303911209106445
83.0,55.0,0.0,16.96763038635254
83.0,55.0,0.0,20.22249984741211
83.0,55.0,0.0,23.96996307373047
84.0,50.0,1.0,3.3562402725219727
84.0,55.0,1.0,5.390210151672363
84.0,65.0,1.0,5.187402725219727
84.0,70.0,1.0,5.37008810043335
84.0,80.0,1.0,5.667472839355469
84.0,90.0,1.0,4.349703788757324
84.0,100.0,1.0,3.4128305912017822
84.0,105.0,1.0,5.944509029388428
84.0,115.0,1.0,7.445971488952637
84.0,130.0,1.0,8.2476167678833
84.0,135.0,1.0,6.908137321472168
84.0,135.0,0.0,8.537867546081543
84.0,130.0,0.0,7.677196979522705
84.0,125.0,0.0,7.989413738250732
84.0,120.0,0.0,5.658999443054199
84.0,115.0,0.0,4.552552700042725
84.0,115.0,0.0,6.407888412475586
84.0,115.0,0.0,8.404501914978027
84.0,105.0,0.0,10.928421974182129
84.0,100.0,0.0,11.644556999206543
84.0,90.0,0.0,12.3404541015625
84.0,85.0,0.0,11.885041236877441
84.0,80.0,0.0,10.591387748718262
84.0,75.0,0.0,11.564237594604492
84.0,70.0,0.0,12.34953784942627
84.0,70.0,0.0,10.131813049316406
84.0,70.0,0.0,10.261616706848145
84.0,70.0,0.0,10.09756851196289
84.0,70.0,0.0,12.204599380493164
84.0,70.0,0.0,13.423971176147461
84.0,70.0,0.0,12.956269264221191
84.0,70.0,0.0,12.40221118927002
84.0,70.0,0.0,12.023200988769531
84.0,65.0,0.0,11.806410789489746
84.0,65.0,0.0,9.579695701599121
84.0,60.0,0.0,8.583340644836426
84.0,60.0,0.0,10.804965019226074
84.0,60.0,0.0,9.953658103942871
84.0,65.0,0.0,10.047425270080566
84.0,65.0,0.0,13.332173347473145
84.0,65.0,0.0,13.866463661193848
84.0,65.0,0.0,12.501229286193848
84.0,65.0,0.0,12.001873016357422
84.0,70.0,0.0,14.319451332092285
84.0,75.0,0.0,14.70359992980957
84.0,80.0,0.0,14.750985145568848
84.0,80.0,0.0,16.080364227294922
84.0,80.0,0.0,17.859050750732422
84.0,75.0,0.0,17.76432991027832
84.0,70.0,0.0,17.581789016723633
84.0,65.0,0.0,14.814349174499512
84.0,65.0,0.0,16.759183883666992
84.0,65.0,0.0,16.816015243530273
84.0,60.0,0.0,14.007522583007812
84.0,60.0,0.0,12.689624786376953
84.0,60.0,0.0,14.887190818786621
84.0,60.0,0.0,14.283984184265137
84.0,60.0,0.0,12.362110137939453
84.0,60.0,0.0,14.202069282531738
84.0,55.0,0.0,14.217754364013672
84.0,55.0,0.0,12.116143226623535
84.0,55.0,0.0,8.036980628967285
84.0,50.0,0.0,8.619064331054688
85.0,55.0,1.0,5.043161869049072
85.0,70.0,1.0,5.288317680358887
85.0,85.0,1.0,5.999763011932373
85.0,95.0,1.0,7.635558128356934
85.0,90.0,0.0,6.228569030761719
85.0,90.0,0.0,6.526114463806152
85.0,90.0,0.0,8.504307746887207
85.0,90.0,0.0,7.4628167152404785
85.0,90.0,0.0,6.465900897979736
85.0,90.0,0.0,7.692097187042236
85.0,90.0,0.0,9.023998260498047
85.0,80.0,0.0,7.951981067657471
85.0,75.0,0.0,8.691556930541992
85.0,70.0,0.0,7.551684856414795
85.0,60.0,0.0,9.954148292541504
85.0,55.0,0.0,11.247663497924805
85.0,55.0,0.0,10.223428726196289
85.0,60.0,0.0,12.632902145385742
85.0,60.0,0.0,14.394967079162598
85.0,60.0,0.0,15.408636093139648
85.0,60.0,0.0,15.424691200256348
85.0,55.0,0.0,16.473493576049805
85.0,50.0,0.0,19.028146743774414
85.0,50.0,0.0,19.893390655517578
86.0,50.0,0.0,10.528725624084473
86.0,50.0,0.0,11.610312461853027
86.0,55.0,0.0,11.035418510437012
86.0,60.0,0.0,11.389606475830078
86.0,65.0,0.0,11.386357307434082
86.0,70.0,0.0,11.278633117675781
86.0,65.0,0.0,10.18046760559082
86.0,60.0,0.0,9.26746654510498
86.0,55.0,0.0,9.263428688049316
87.0,50.0,0.0,32.645606994628906
87.0,55.0,0.0,34.754581451416016
87.0,55.0,0.0,31.84231185913086
87.0,55.0,0.0,28.00156593322754
87.0,55.0,0.0,27.97611427307129
87.0,55.0,0.0,26.53872299194336
87.0,55.0,0.0,22.408042907714844
87.0,50.0,0.0,19.863168716430664
87.0,50.0,0.0,14.795867919921875
87.0,50.0,0.0,14.657495498657227
88.0,50.0,0.0,7.776826858520508
88.0,50.0,0.0,4.081229209899902
88.0,55.0,0.0,5.882123947143555
88.0,55.0,0.0,6.817870140075684
88.0,60.0,0.0,5.702715873718262
88.0,65.0,0.0,7.195991516113281
88.0,65.0,1.0,8.429757118225098
88.0,70.0,1.0,9.084651947021484
88.0,75.0,1.0,10.88977336883545
88.0,85.0,1.0,10.747148513793945
88.0,95.0,1.0,12.176716804504395
88.0,90.0,0.0,12.988332748413086
88.0,85.0,0.0,10.77836799621582
88.0,75.0,0.0,8.898292541503906
88.0,70.0,0.0,12.585768699645996
88.0,70.0,0.0,15.242952346801758
88.0,70.0,0.0,16.12185287475586
88.0,70.0,0.0,18.006244659423828
88.0,75.0,0.0,15.368751525878906
88.0,75.0,0.0,17.770627975463867
88.0,65.0,0.0,23.387670516967773
88.0,60.0,0.0,25.887855529785156
88.0,60.0,0.0,28.358091354370117
88.0,60.0,0.0,27.911029815673828
88.0,60.0,0.0,24.33121109008789
88.0,65.0,0.0,19.80405616760254
88.0,70.0,0.0,14.891263961791992
88.0,65.0,0.0,13.409686088562012
88.0,55.0,0.0,12.128218650817871
88.0,50.0,0.0,12.835883140563965
89.0,50.0,0.0,18.319103240966797
89.0,50.0,0.0,15.806694984436035
89.0,50.0,0.0,14.503215789794922
89.0,45.0,0.0,14.63898754119873
89.0,45.0,0.0,16.305036544799805
89.0,45.0,0.0,17.46720314025879
89.0,40.0,0.0,17.707481384277344
89.0,40.0,0.0,18.32807159423828
89.0,40.0,0.0,17.674701690673828
89.0,40.0,0.0,19.835020065307617
89.0,45.0,0.0,22.193788528442383
89.0,50.0,0.0,22.804243087768555
89.0,55.0,0.0,22.664812088012695
89.0,60.0,0.0,22.082979202270508
89.0,65.0,0.0,20.750539779663086
89.0,70.0,0.0,17.93171501159668
89.0,60.0,0.0,18.02532958984375
90.0,50.0,1.0,3.7585248947143555
90.0,55.0,1.0,5.166243076324463
90.0,60.0,1.0,5.365542888641357
90.0,65.0,1.0,4.83641242980957
90.0,75.0,1.0,3.8955979347229004
90.0,80.0,1.0,4.295283794403076
90.0,85.0,1.0,2.658971071243286
90.0,90.0,1.0,1.9709632396697998
90.0,95.0,0.0,2.065814256668091
90.0,95.0,0.0,3.014080762863159
90.0,95.0,0.0,3.4086856842041016
90.0,90.0,0.0,3.46211576461792
90.0,85.0,0.0,5.380145072937012
90.0,80.0,0.0,8.164109230041504
90.0,80.0,0.0,8.897703170776367
90.0,75.0,0.0,10.57921314239502
90.0,70.0,0.0,14.359813690185547
90.0,65.0,0.0,15.8560152053833
90.0,60.0,0.0,16.655479431152344
90.0,60.0,0.0,17.11931037902832
90.0,60.0,0.0,19.8405704498291
90.0,60.0,0.0,20.816469192504883
90.0,60.0,0.0,21.588275909423828
90.0,60.0,0.0,23.7873592376709
90.0,60.0,0.0,26.063392639160156
90.0,60.0,0.0,24.311721801757812
90.0,55.0,0.0,23.116477966308594
90.0,55.0,0.0,19.112079620361328
90.0,50.0,0.0,17.332345962524414
90.0,45.0,0.0,13.988543510437012
90.0,45.0,0.0,13.202605247497559
90.0,45.0,0.0,11.917325973510742
90.0,50.0,0.0,9.226778984069824
90.0,50.0,0.0,8.319684982299805
90.0,50.0,0.0,9.381715774536133
91.0,50.0,0.0,5.993031024932861
91.0,55.0,0.0,8.304308891296387
91.0,60.0,0.0,8.357918739318848
91.0,65.0,0.0,6.744047164916992
91.0,70.0,0.0,5.772288799285889
91.0,70.0,1.0,6.700802326202393
91.0,75.0,1.0,6.456971168518066
91.0,75.0,1.0,6.876979827880859
91.0,80.0,1.0,4.619438171386719
91.0,95.0,1.0,5.068245887756348
91.0,115.0,1.0,6.116321563720703
91.0,110.0,0.0,5.671057224273682
91.0,105.0,0.0,5.105982780456543
91.0,95.0,0.0,3.3879001140594482
91.0,90.0,0.0,2.954336166381836
91.0,90.0,0.0,1.2779407501220703
91.0,85.0,0.0,0.8753703832626343
91.0,80.0,0.0,3.7532382011413574
91.0,65.0,0.0,3.8876373767852783
91.0,55.0,0.0,3.823720693588257
92.0,50.0,1.0,4.528768062591553
92.0,55.0,1.0,4.964601516723633
92.0,65.0,1.0,4.2144927978515625
92.0,70.0,1.0,3.5558969974517822
92.0,85.0,1.0,3.6921725273132324
92.0,90.0,1.0,5.079437255859375
92.0,100.0,1.0,4.849909782409668
92.0,115.0,1.0,5.659531593322754
92.0,120.0,1.0,7.874612808227539
92.0,120.0,0.0,8.50819206237793
92.0,115.0,0.0,7.545307159423828
92.0,110.0,0.0,6.611575603485107
92.0,105.0,0.0,6.891902923583984
92.0,110.0,0.0,7.8328046798706055
92.0,105.0,0.0,8.036806106567383
92.0,110.0,0.0,7.154179096221924
92.0,110.0,0.0,6.132301330566406
92.0,115.0,0.0,5.010225296020508
92.0,115.0,1.0,3.9083251953125
92.0,130.0,1.0,3.532703161239624
92.0,130.0,1.0,4.320687294006348
92.0,135.0,1.0,4.693898677825928
92.0,140.0,1.0,4.668584823608398
92.0,140.0,0.0,4.614748954772949
92.0,135.0,0.0,6.793304920196533
92.0,135.0,0.0,8.300995826721191
92.0,125.0,0.0,8.925149917602539
92.0,125.0,0.0,8.526238441467285
92.0,115.0,0.0,8.7744779586792
92.0,115.0,0.0,8.807883262634277
92.0,105.0,0.0,9.901508331298828
92.0,105.0,0.0,11.217085838317871
92.0,100.0,0.0,11.790840148925781
92.0,85.0,0.0,12.792539596557617
92.0,60.0,0.0,13.429814338684082
92.0,55.0,0.0,15.091032981872559
93.0,50.0,0.0,6.998076438903809
93.0,55.0,0.0,4.006250381469727
93.0,55.0,1.0,3.637791633605957
93.0,60.0,1.0,4.059838771820068
93.0,65.0,1.0,5.432064533233643
93.0,75.0,1.0,3.0369486808776855
93.0,80.0,1.0,3.661482334136963
93.0,90.0,1.0,8.70401382446289
93.0,95.0,1.0,12.200746536254883
93.0,90.0,0.0,13.917938232421875
93.0,75.0,0.0,19.769535064697266
93.0,65.0,0.0,19.210159301757812
93.0,60.0,0.0,19.364931106567383
93.0,55.0,0.0,24.155515670776367
93.0,45.0,0.0,35.998992919921875
93.0,50.0,0.0,36.228450775146484
93.0,65.0,0.0,33.72971725463867
93.0,55.0,0.0,30.544218063354492
94.0,50.0,0.0,5.539961338043213
95.0,50.0,0.0,9.052364349365234
95.0,50.0,0.0,8.183475494384766
96.0,50.0,0.0,4.545595169067383
96.0,55.0,0.0,2.231654644012451
96.0,60.0,0.0,1.4713754653930664
96.0,65.0,0.0,3.9464986324310303
96.0,70.0,0.0,6.5015058517456055
96.0,75.0,0.0,6.917479515075684
96.0,80.0,0.0,6.0495100021362305
96.0,80.0,0.0,6.274885654449463
96.0,70.0,0.0,6.7140045166015625
96.0,55.0,0.0,7.459928512573242
96.0,50.0,0.0,7.528414726257324
96.0,50.0,0.0,6.580650806427002
96.0,50.0,0.0,5.360789775848389
96.0,50.0,0.0,6.052926063537598
96.0,50.0,0.0,7.976447582244873
96.0,50.0,0.0,9.321861267089844
96.0,50.0,0.0,8.448644638061523
96.0,50.0,0.0,7.585417747497559
96.0,50.0,0.0,7.357600688934326
96.0,50.0,0.0,8.456937789916992
96.0,50.0,0.0,7.444643020629883
96.0,50.0,0.0,8.132476806640625
96.0,50.0,0.0,8.812491416931152
96.0,55.0,0.0,8.05250072479248
96.0,55.0,0.0,6.248701572418213
96.0,55.0,0.0,5.039525032043457
96.0,55.0,0.0,4.355035781860352
96.0,55.0,0.0,4.575748920440674
96.0,50.0,0.0,4.168115139007568
96.0,50.0,0.0,4.770575046539307
96.0,50.0,0.0,4.299994468688965
97.0,55.0,0.0,7.738555908203125
97.0,50.0,0.0,7.889723777770996
98.0,50.0,0.0,7.102097034454346
98.0,55.0,0.0,6.265256404876709
98.0,55.0,0.0,6.331407070159912
98.0,50.0,0.0,9.988456726074219
98.0,50.0,0.0,13.10737133026123
98.0,50.0,0.0,13.193775177001953
98.0,50.0,0.0,13.263360977172852
99.0,50.0,0.0,9.558338165283203
99.0,55.0,0.0,8.444345474243164
99.0,60.0,0.0,9.039340019226074
99.0,60.0,0.0,13.964987754821777
99.0,65.0,0.0,13.502541542053223
99.0,60.0,0.0,10.868278503417969
99.0,50.0,0.0,12.678844451904297
100.0,50.0,0.0,8.009674072265625
100.0,60.0,0.0,6.192172527313232
100.0,60.0,0.0,7.297091484069824
100.0,60.0,1.0,7.577202796936035
100.0,65.0,1.0,7.837206840515137
100.0,75.0,1.0,8.319598197937012
100.0,80.0,1.0,9.09237003326416
100.0,85.0,1.0,10.545798301696777
100.0,95.0,1.0,8.990941047668457
100.0,100.0,1.0,6.168166160583496
100.0,100.0,0.0,7.969877243041992
100.0,100.0,1.0,6.0953850746154785
100.0,110.0,1.0,6.014179229736328
100.0,120.0,1.0,4.720977783203125
100.0,125.0,1.0,6.035510540008545
100.0,125.0,0.0,5.211532115936279
100.0,115.0,0.0,5.1340250968933105
100.0,100.0,0.0,3.500978469848633
100.0,90.0,0.0,3.8426055908203125
100.0,80.0,0.0,3.325072765350342
100.0,75.0,0.0,3.6294124126434326
100.0,70.0,0.0,2.5006749629974365
100.0,60.0,0.0,4.987204074859619
100.0,55.0,0.0,8.538443565368652
100.0,50.0,0.0,10.7599515914917
101.0,50.0,1.0,2.31168794631958
101.0,60.0,1.0,1.1844773292541504
101.0,70.0,1.0,5.683669090270996
101.0,80.0,1.0,7.180062770843506
101.0,95.0,1.0,7.372899532318115
101.0,115.0,1.0,5.7240681648254395
101.0,135.0,1.0,4.6644606590271
101.0,130.0,0.0,4.509601593017578
101.0,125.0,0.0,4.939756870269775
101.0,120.0,0.0,4.93057107925415
101.0,120.0,0.0,6.999189376831055
101.0,120.0,0.0,6.197653770446777
101.0,125.0,0.0,5.9532904624938965
101.0,130.0,0.0,4.3517560958862305
101.0,130.0,0.0,3.80552077293396
101.0,130.0,0.0,2.3253142833709717
101.0,125.0,0.0,1.4543766975402832
101.0,120.0,0.0,0.6809006333351135
101.0,115.0,0.0,2.5668742656707764
101.0,105.0,0.0,5.243930816650391
101.0,105.0,0.0,5.213794708251953
101.0,100.0,0.0,4.811816692352295
101.0,100.0,0.0,5.952040195465088
101.0,95.0,0.0,7.076548099517822
101.0,90.0,0.0,5.682107448577881
101.0,90.0,0.0,4.112687587738037
101.0,90.0,0.0,5.459599494934082
101.0,90.0,0.0,6.048951625823975
101.0,90.0,0.0,8.648508071899414
101.0,85.0,0.0,9.997942924499512
101.0,80.0,0.0,8.247808456420898
101.0,75.0,0.0,9.496828079223633
101.0,70.0,0.0,11.773036003112793
101.0,65.0,0.0,13.12242317199707
101.0,70.0,0.0,12.297253608703613
101.0,65.0,0.0,12.661993980407715
101.0,60.0,0.0,14.244574546813965
101.0,55.0,0.0,14.264689445495605
101.0,50.0,0.0,13.502930641174316
101.0,50.0,0.0,13.58706283569336
101.0,45.0,0.0,13.58718490600586
101.0,45.0,0.0,12.85903549194336
101.0,45.0,0.0,13.053836822509766
101.0,45.0,0.0,12.03238296508789
101.0,45.0,0.0,12.121757507324219
101.0,45.0,0.0,12.171648025512695
101.0,45.0,0.0,13.560173988342285
101.0,50.0,0.0,12.585495948791504
101.0,50.0,0.0,13.122364044189453
102.0,50.0,1.0,2.5461883544921875
102.0,55.0,1.0,3.669677495956421
102.0,60.0,1.0,4.9648518562316895
102.0,70.0,1.0,7.349088191986084
102.0,80.0,1.0,7.107061862945557
102.0,90.0,1.0,7.8189616203308105
102.0,85.0,0.0,9.403594017028809
102.0,75.0,0.0,9.375727653503418
102.0,65.0,0.0,9.102302551269531
102.0,60.0,0.0,9.395752906799316
102.0,55.0,0.0,11.297296524047852
102.0,55.0,0.0,11.672547340393066
102.0,55.0,0.0,10.67457389831543
102.0,55.0,0.0,9.218067169189453
102.0,55.0,0.0,12.00110149383545
102.0,55.0,0.0,13.877514839172363
102.0,55.0,0.0,15.866095542907715
102.0,55.0,0.0,18.25948715209961
102.0,55.0,0.0,18.704490661621094
102.0,55.0,0.0,16.634531021118164
102.0,55.0,0.0,13.132939338684082
102.0,55.0,0.0,11.14847183227539
102.0,50.0,0.0,9.440055847167969
103.0,50.0,0.0,8.280961036682129
103.0,55.0,0.0,8.335299491882324
103.0,60.0,0.0,9.653916358947754
103.0,65.0,0.0,10.958916664123535
103.0,70.0,0.0,9.246503829956055
103.0,70.0,1.0,6.78681755065918
103.0,75.0,1.0,6.8957366943359375
103.0,80.0,1.0,7.8004608154296875
103.0,85.0,1.0,7.057356357574463
103.0,95.0,1.0,11.988458633422852
103.0,90.0,0.0,16.474454879760742
103.0,80.0,0.0,20.81259536743164
103.0,60.0,0.0,22.058582305908203
103.0,50.0,0.0,23.598215103149414
104.0,55.0,1.0,0.8503433465957642
104.0,70.0,1.0,5.03472900390625
104.0,80.0,1.0,6.34527587890625
104.0,80.0,0.0,6.919017791748047
104.0,75.0,0.0,10.018872261047363
104.0,60.0,0.0,10.767721176147461
105.0,50.0,0.0,4.395177364349365
105.0,55.0,0.0,7.030183792114258
105.0,55.0,1.0,9.56149673461914
105.0,60.0,1.0,11.31026840209961
105.0,65.0,1.0,10.060811996459961
105.0,70.0,1.0,10.29909896850586
105.0,85.0,1.0,10.914470672607422
105.0,100.0,1.0,11.14061164855957
105.0,120.0,1.0,11.315710067749023
105.0,145.0,1.0,11.845861434936523
105.0,140.0,0.0,13.353309631347656
105.0,135.0,0.0,11.765674591064453
105.0,130.0,0.0,10.169760704040527
105.0,130.0,0.0,8.529062271118164
105.0,125.0,0.0,7.903388500213623
105.0,130.0,0.0,6.2026448249816895
105.0,135.0,0.0,4.199655055999756
105.0,130.0,0.0,3.989340305328369
105.0,125.0,0.0,3.8703501224517822
105.0,125.0,0.0,4.937963008880615
105.0,125.0,0.0,3.6871206760406494
105.0,130.0,0.0,3.6412084102630615
105.0,130.0,0.0,4.7364912033081055
105.0,125.0,0.0,5.068758010864258
105.0,120.0,0.0,4.904332637786865
105.0,115.0,0.0,6.079975128173828
105.0,110.0,0.0,6.473382949829102
105.0,105.0,0.0,7.489656925201416
105.0,105.0,0.0,5.739681720733643
105.0,105.0,0.0,4.2410101890563965
105.0,110.0,0.0,4.538839340209961
105.0,120.0,0.0,5.108914375305176
105.0,120.0,0.0,5.2080769538879395
105.0,115.0,0.0,7.735156059265137
105.0,110.0,0.0,10.357812881469727
105.0,105.0,0.0,9.739227294921875
105.0,100.0,0.0,9.99265193939209
105.0,95.0,0.0,14.214542388916016
105.0,85.0,0.0,17.155988693237305
105.0,80.0,0.0,17.52558708190918
105.0,70.0,0.0,20.692474365234375
105.0,70.0,0.0,21.728248596191406
105.0,70.0,0.0,24.31379508972168
105.0,65.0,0.0,23.536226272583008
105.0,60.0,0.0,23.218341827392578
105.0,55.0,0.0,21.075719833374023
106.0,55.0,1.0,1.8156853914260864
106.0,65.0,1.0,3.4419751167297363
106.0,80.0,1.0,4.072312355041504
106.0,95.0,1.0,3.664320707321167
106.0,95.0,0.0,2.8735342025756836
106.0,90.0,0.0,5.4149627685546875
106.0,85.0,0.0,4.858975887298584
106.0,80.0,0.0,3.8666577339172363
106.0,75.0,0.0,4.596819877624512
106.0,70.0,0.0,4.561483860015869
106.0,70.0,0.0,2.863300323486328
106.0,65.0,0.0,2.6802752017974854
106.0,60.0,0.0,3.7474331855773926
106.0,60.0,0.0,3.17738676071167
106.0,70.0,0.0,2.0602617263793945
106.0,65.0,0.0,2.5626659393310547
106.0,55.0,0.0,0.9392884969711304
107.0,55.0,1.0,3.6074888706207275
107.0,65.0,1.0,4.586299419403076
107.0,75.0,1.0,4.361047744750977
107.0,85.0,1.0,3.9071786403656006
107.0,95.0,1.0,3.912797451019287
107.0,110.0,1.0,3.755507230758667
107.0,125.0,1.0,2.1740925312042236
107.0,125.0,0.0,3.085035800933838
107.0,120.0,0.0,3.133160352706909
107.0,115.0,0.0,4.3857421875
107.0,115.0,0.0,3.296109914779663
107.0,115.0,0.0,2.5603621006011963
107.0,115.0,0.0,1.7581239938735962
107.0,115.0,0.0,0.9990825653076172
107.0,110.0,0.0,2.46675443649292
107.0,110.0,0.0,3.1736032962799072
107.0,105.0,0.0,3.7759902477264404
107.0,100.0,0.0,2.5276334285736084
107.0,95.0,0.0,4.368207931518555
107.0,90.0,0.0,6.031862258911133
107.0,90.0,0.0,7.2653374671936035
107.0,90.0,0.0,8.112166404724121
107.0,85.0,0.0,7.154199600219727
107.0,80.0,0.0,7.851614952087402
107.0,75.0,0.0,7.0662760734558105
107.0,70.0,0.0,6.263439178466797
107.0,65.0,0.0,7.278822422027588
107.0,60.0,0.0,10.622836112976074
107.0,55.0,0.0,12.323018074035645
108.0,50.0,0.0,8.264252662658691
108.0,55.0,0.0,8.756155014038086
108.0,55.0,0.0,7.870604515075684
108.0,55.0,0.0,7.487119197845459
108.0,60.0,1.0,6.00614595413208
108.0,65.0,1.0,3.7566823959350586
108.0,70.0,1.0,2.4301514625549316
108.0,75.0,1.0,1.3383442163467407
108.0,90.0,1.0,0.967420220375061
108.0,105.0,1.0,1.017003059387207
108.0,115.0,1.0,0.7927468419075012
108.0,110.0,0.0,0.5044838786125183
108.0,100.0,0.0,0.7439951300621033
108.0,85.0,0.0,0.39095625281333923
108.0,75.0,0.0,1.1587077379226685
108.0,65.0,0.0,2.7825825214385986
108.0,55.0,0.0,4.25043249130249
109.0,50.0,0.0,4.244262218475342
109.0,50.0,1.0,3.454005002975464
109.0,60.0,1.0,4.244658470153809
109.0,65.0,1.0,4.089484691619873
109.0,70.0,1.0,2.8967456817626953
109.0,75.0,1.0,0.8814893364906311
109.0,80.0,0.0,1.4441026449203491
109.0,85.0,0.0,2.573983669281006
109.0,85.0,0.0,2.2402453422546387
109.0,85.0,0.0,2.354161500930786
109.0,80.0,0.0,3.552778482437134
109.0,70.0,0.0,2.8299779891967773
109.0,65.0,0.0,2.1607413291931152
109.0,60.0,0.0,3.3497865200042725
109.0,55.0,0.0,4.010681629180908
109.0,50.0,0.0,3.6902170181274414
110.0,55.0,0.0,4.437112331390381
110.0,55.0,0.0,4.355717182159424
110.0,55.0,0.0,6.848593235015869
110.0,50.0,0.0,6.597018241882324
110.0,50.0,0.0,6.919548034667969
111.0,50.0,1.0,4.948922634124756
111.0,55.0,1.0,4.533737659454346
111.0,55.0,1.0,5.856207370758057
111.0,65.0,1.0,4.6193623542785645
111.0,90.0,1.0,3.5380077362060547
111.0,105.0,1.0,4.02997350692749
111.0,120.0,1.0,5.517888069152832
111.0,120.0,0.0,7.0514678955078125
111.0,110.0,0.0,6.28856897354126
111.0,100.0,0.0,6.59301233291626
111.0,90.0,0.0,8.075864791870117
111.0,70.0,0.0,8.922630310058594
111.0,55.0,0.0,9.386011123657227
112.0,55.0,1.0,11.180736541748047
112.0,60.0,1.0,11.241127967834473
112.0,65.0,1.0,10.398804664611816
112.0,70.0,1.0,10.683090209960938
112.0,80.0,1.0,11.786632537841797
112.0,100.0,1.0,11.458426475524902
112.0,110.0,1.0,10.14809513092041
112.0,115.0,1.0,10.228116035461426
112.0,115.0,0.0,8.691974639892578
112.0,120.0,0.0,6.149238586425781
112.0,120.0,0.0,5.571762561798096
112.0,115.0,0.0,5.4268999099731445
112.0,110.0,1.0,5.142333030700684
112.0,115.0,1.0,6.36130428314209
112.0,120.0,1.0,10.586783409118652
112.0,135.0,1.0,14.838088035583496
112.0,130.0,0.0,13.078642845153809
112.0,115.0,0.0,9.929805755615234
112.0,105.0,0.0,13.911264419555664
112.0,95.0,0.0,12.167715072631836
112.0,85.0,0.0,8.295275688171387
112.0,75.0,0.0,9.692151069641113
112.0,75.0,0.0,9.413783073425293
112.0,75.0,0.0,7.933805465698242
112.0,75.0,0.0,6.926148414611816
112.0,75.0,0.0,9.735882759094238
112.0,75.0,0.0,10.766135215759277
112.0,70.0,0.0,12.685541152954102
112.0,70.0,0.0,14.231039047241211
112.0,70.0,0.0,16.192058563232422
112.0,65.0,0.0,20.032180786132812
112.0,60.0,0.0,23.504776000976562
112.0,60.0,0.0,22.91594886779785
112.0,55.0,0.0,25.802148818969727
112.0,50.0,0.0,26.92775535583496
113.0,50.0,1.0,3.8293440341949463
113.0,60.0,1.0,3.6826257705688477
113.0,70.0,1.0,4.095929145812988
113.0,80.0,1.0,2.922083616256714
113.0,85.0,1.0,2.4146785736083984
113.0,95.0,1.0,1.3261752128601074
113.0,105.0,1.0,1.545759916305542
113.0,115.0,1.0,2.051560401916504
113.0,130.0,1.0,2.5275988578796387
113.0,130.0,0.0,4.233426094055176
113.0,125.0,0.0,7.143364429473877
113.0,110.0,0.0,8.976696014404297
113.0,95.0,0.0,10.15889835357666
113.0,80.0,0.0,13.22122859954834
113.0,65.0,0.0,15.321367263793945
113.0,55.0,0.0,18.2442569732666
114.0,50.0,1.0,6.688532829284668
114.0,60.0,1.0,7.034451007843018
114.0,75.0,1.0,7.449348449707031
114.0,90.0,1.0,7.294858932495117
114.0,90.0,0.0,7.116682529449463
114.0,85.0,0.0,5.40435791015625
114.0,80.0,1.0,4.601874351501465
114.0,90.0,1.0,3.254481792449951
114.0,100.0,1.0,1.77333664894104
114.0,105.0,1.0,1.645262598991394
114.0,105.0,0.0,1.9617879390716553
114.0,110.0,0.0,2.04702091217041
114.0,110.0,0.0,1.7233912944793701
114.0,110.0,0.0,1.9305824041366577
114.0,110.0,0.0,3.573774576187134
114.0,115.0,0.0,4.149838447570801
114.0,120.0,0.0,4.154881477355957
114.0,125.0,0.0,3.8381197452545166
114.0,130.0,0.0,4.328921318054199
114.0,135.0,0.0,4.138378620147705
114.0,135.0,0.0,3.827526092529297
114.0,130.0,0.0,1.3074895143508911
114.0,120.0,0.0,2.161900281906128
114.0,120.0,0.0,2.717968225479126
114.0,115.0,0.0,4.354447364807129
114.0,115.0,0.0,4.789368629455566
114.0,110.0,0.0,4.9820380210876465
114.0,100.0,0.0,4.810413360595703
114.0,100.0,0.0,4.775286674499512
114.0,100.0,0.0,6.502025127410889
114.0,105.0,0.0,6.810132026672363
114.0,105.0,0.0,7.289130687713623
114.0,110.0,0.0,6.6913228034973145
114.0,115.0,0.0,6.875026226043701
114.0,115.0,0.0,7.061964511871338
114.0,120.0,0.0,7.200085639953613
114.0,115.0,0.0,7.223911285400391
114.0,105.0,0.0,9.137860298156738
114.0,100.0,0.0,10.801675796508789
114.0,95.0,0.0,10.743565559387207
114.0,90.0,0.0,11.715622901916504
114.0,85.0,0.0,12.133779525756836
114.0,75.0,0.0,12.93759536743164
114.0,65.0,0.0,10.970190048217773
114.0,60.0,0.0,8.8704195022583
114.0,55.0,0.0,8.074946403503418
115.0,55.0,0.0,5.1222615242004395
115.0,60.0,0.0,6.299150466918945
115.0,60.0,0.0,5.535067081451416
115.0,60.0,0.0,4.529001235961914
115.0,60.0,0.0,4.140161514282227
115.0,60.0,0.0,3.862605571746826
115.0,60.0,1.0,2.8508832454681396
115.0,65.0,1.0,2.5610527992248535
115.0,80.0,1.0,3.755016803741455
115.0,110.0,1.0,4.333515644073486
115.0,115.0,1.0,4.187966346740723
115.0,120.0,1.0,2.2001137733459473
115.0,115.0,0.0,6.831454277038574
115.0,110.0,0.0,8.42912769317627
115.0,110.0,0.0,8.465991020202637
115.0,115.0,0.0,9.425453186035156
115.0,115.0,0.0,9.922070503234863
115.0,115.0,0.0,8.688692092895508
115.0,110.0,0.0,6.86050271987915
115.0,105.0,0.0,8.161498069763184
115.0,100.0,0.0,6.105801582336426
115.0,90.0,0.0,6.939585208892822
115.0,85.0,0.0,6.234941482543945
115.0,85.0,0.0,6.491330146789551
115.0,75.0,0.0,7.892190933227539
115.0,75.0,0.0,6.452573299407959
115.0,75.0,0.0,6.880217552185059
115.0,80.0,0.0,6.903181552886963
115.0,80.0,0.0,7.3541669845581055
115.0,85.0,0.0,8.527501106262207
115.0,80.0,0.0,9.721100807189941
115.0,80.0,0.0,9.490158081054688
115.0,75.0,0.0,9.043907165527344
115.0,75.0,0.0,5.261120796203613
115.0,75.0,0.0,5.639500141143799
115.0,80.0,0.0,4.888700485229492
115.0,80.0,0.0,5.658923149108887
115.0,80.0,0.0,7.986344337463379
115.0,80.0,0.0,7.27620792388916
115.0,80.0,0.0,7.198471546173096
115.0,80.0,0.0,10.4735689163208
115.0,85.0,0.0,6.707008361816406
115.0,85.0,0.0,7.099277973175049
115.0,80.0,0.0,7.387569904327393
115.0,75.0,0.0,8.763141632080078
115.0,70.0,0.0,7.701693534851074
115.0,70.0,0.0,4.533289432525635
115.0,65.0,0.0,2.589041233062744
115.0,65.0,0.0,1.1635668277740479
115.0,65.0,0.0,4.613505840301514
115.0,65.0,0.0,6.759640216827393
115.0,65.0,0.0,5.044618606567383
115.0,60.0,0.0,4.8158955574035645
115.0,55.0,0.0,7.097848415374756
115.0,55.0,0.0,9.310384750366211
115.0,50.0,0.0,9.883002281188965
115.0,50.0,0.0,11.149312973022461
116.0,60.0,1.0,8.180929183959961
116.0,70.0,1.0,7.8041253089904785
116.0,80.0,1.0,7.724215030670166
116.0,60.0,0.0,7.468262672424316
117.0,50.0,0.0,7.243749618530273
117.0,55.0,0.0,6.48504638671875
117.0,60.0,0.0,6.453262805938721
117.0,60.0,0.0,6.741008758544922
117.0,60.0,0.0,5.089462757110596
117.0,55.0,0.0,4.038640975952148
117.0,55.0,0.0,2.1525917053222656
117.0,55.0,0.0,0.19334277510643005
117.0,55.0,0.0,1.1165796518325806
117.0,60.0,0.0,1.713111162185669
117.0,60.0,0.0,2.9677934646606445
117.0,60.0,0.0,4.101676940917969
117.0,60.0,0.0,2.985805034637451
117.0,60.0,0.0,1.044577717781067
117.0,55.0,0.0,1.6667615175247192
117.0,55.0,0.0,1.8302773237228394
117.0,55.0,0.0,0.42785578966140747
117.0,50.0,0.0,1.0067143440246582
118.0,55.0,1.0,2.605062484741211
118.0,65.0,1.0,1.4809588193893433
118.0,85.0,1.0,1.861757516860962
118.0,90.0,1.0,1.9343299865722656
118.0,85.0,0.0,3.527796745300293
118.0,75.0,0.0,3.5831425189971924
118.0,65.0,0.0,1.9149008989334106
118.0,55.0,0.0,0.6920076012611389
119.0,50.0,0.0,5.673177719116211
119.0,50.0,0.0,4.869593620300293
119.0,50.0,0.0,2.6053357124328613
119.0,50.0,1.0,2.006354331970215
119.0,55.0,1.0,1.4188271760940552
119.0,60.0,1.0,2.170638084411621
119.0,75.0,1.0,1.9477872848510742
119.0,85.0,1.0,2.3605213165283203
119.0,100.0,1.0,3.9676449298858643
119.0,110.0,1.0,5.490981578826904
119.0,115.0,1.0,6.5357184410095215
119.0,105.0,0.0,7.36502742767334
119.0,100.0,0.0,7.650571823120117
119.0,90.0,0.0,8.683758735656738
119.0,80.0,0.0,10.266831398010254
119.0,70.0,0.0,9.147113800048828
119.0,60.0,0.0,8.310935974121094
119.0,55.0,0.0,7.0453782081604
120.0,55.0,1.0,4.909843444824219
120.0,70.0,1.0,4.1285400390625
120.0,85.0,1.0,3.728985548019409
120.0,100.0,1.0,3.353308916091919
120.0,120.0,1.0,4.675017356872559
120.0,140.0,1.0,5.82879114151001
120.0,135.0,0.0,6.913926601409912
120.0,130.0,0.0,7.3485236167907715
120.0,120.0,0.0,7.644166946411133
120.0,110.0,0.0,8.22103500366211
120.0,105.0,0.0,8.354252815246582
120.0,100.0,0.0,11.588438987731934
120.0,100.0,0.0,13.38586139678955
121.0,50.0,0.0,7.03953218460083
121.0,50.0,0.0,10.22329330444336
121.0,50.0,0.0,11.931144714355469
122.0,55.0,1.0,6.580164432525635
122.0,60.0,1.0,6.427705764770508
122.0,70.0,1.0,7.1602911949157715
122.0,80.0,1.0,5.208714008331299
122.0,90.0,1.0,5.211446762084961
122.0,115.0,1.0,4.011007308959961
122.0,125.0,1.0,3.5922505855560303
122.0,135.0,1.0,2.7943954467773438
122.0,135.0,0.0,1.995236873626709
122.0,130.0,0.0,1.5895254611968994
122.0,120.0,0.0,4.027176380157471
122.0,115.0,0.0,5.050263404846191
122.0,105.0,0.0,7.008337020874023
122.0,100.0,0.0,8.896893501281738
122.0,90.0,0.0,11.061403274536133
122.0,85.0,0.0,10.211658477783203
122.0,75.0,0.0,9.920093536376953
122.0,65.0,0.0,9.944232940673828
122.0,50.0,0.0,12.736359596252441
123.0,50.0,0.0,4.172979831695557
123.0,50.0,0.0,3.8377184867858887
123.0,50.0,0.0,5.380624771118164
123.0,50.0,1.0,4.8066534996032715
123.0,55.0,1.0,5.308365821838379
123.0,60.0,1.0,5.768153667449951
123.0,65.0,1.0,6.761902809143066
123.0,80.0,1.0,7.806344985961914
123.0,85.0,1.0,9.270697593688965
123.0,80.0,0.0,10.694511413574219
123.0,80.0,0.0,9.234809875488281
123.0,75.0,0.0,9.166627883911133
123.0,70.0,0.0,9.36546802520752
123.0,60.0,0.0,8.80843734741211
123.0,55.0,0.0,5.895083904266357
123.0,55.0,0.0,6.536408424377441
123.0,45.0,0.0,4.897561550140381
123.0,40.0,0.0,3.875108003616333
123.0,35.0,0.0,3.5348401069641113
123.0,35.0,0.0,2.583343029022217
123.0,35.0,0.0,1.6507636308670044
123.0,35.0,0.0,2.1277356147766113
123.0,30.0,0.0,2.60683012008667
123.0,20.0,0.0,4.037383079528809
123.0,20.0,0.0,2.767747640609741
123.0,20.0,0.0,3.6637380123138428
123.0,25.0,0.0,4.3575119972229
123.0,25.0,0.0,4.621979236602783
123.0,30.0,0.0,3.9088244438171387
123.0,30.0,0.0,5.042718887329102
123.0,35.0,1.0,4.267236709594727
123.0,40.0,1.0,2.17337703704834
123.0,45.0,1.0,1.2860678434371948
123.0,50.0,1.0,1.6538387537002563
123.0,60.0,1.0,1.1991747617721558
123.0,65.0,1.0,2.202176570892334
123.0,75.0,1.0,3.897035837173462
123.0,80.0,1.0,7.97600793838501
123.0,80.0,0.0,9.969841003417969
123.0,80.0,0.0,12.279086112976074
123.0,80.0,0.0,9.562141418457031
123.0,85.0,0.0,11.104472160339355
123.0,85.0,0.0,9.812517166137695
123.0,85.0,0.0,8.874499320983887
123.0,80.0,0.0,8.56692886352539
123.0,80.0,0.0,10.736344337463379
123.0,80.0,0.0,11.75458812713623
123.0,75.0,0.0,13.387269020080566
123.0,75.0,0.0,11.51648998260498
123.0,70.0,0.0,13.032577514648438
123.0,65.0,0.0,13.248059272766113
123.0,65.0,0.0,12.34874153137207
123.0,60.0,0.0,13.131614685058594
123.0,55.0,0.0,11.914451599121094
123.0,50.0,0.0,12.10523509979248
124.0,55.0,1.0,3.0166258811950684
124.0,65.0,1.0,3.188817262649536
124.0,70.0,1.0,1.9826964139938354
124.0,80.0,1.0,2.7278084754943848
124.0,90.0,1.0,3.944582939147949
124.0,95.0,1.0,3.421549081802368
124.0,90.0,0.0,2.735823154449463
124.0,80.0,0.0,5.124752998352051
124.0,75.0,0.0,4.693215847015381
124.0,75.0,0.0,2.883659839630127
124.0,70.0,0.0,1.9171775579452515
124.0,65.0,0.0,1.4438424110412598
124.0,60.0,0.0,2.010390043258667
124.0,55.0,0.0,1.8562209606170654
124.0,50.0,0.0,1.5138835906982422
125.0,50.0,0.0,10.071867942810059
125.0,55.0,0.0,8.927644729614258
125.0,60.0,0.0,9.070667266845703
125.0,60.0,0.0,9.223237991333008
125.0,60.0,0.0,11.982617378234863
125.0,60.0,0.0,12.343463897705078
125.0,60.0,1.0,9.907503128051758
125.0,65.0,1.0,6.938260555267334
125.0,80.0,1.0,7.701052188873291
125.0,90.0,1.0,6.169870853424072
125.0,100.0,1.0,4.8445305824279785
125.0,95.0,0.0,5.4422526359558105
125.0,65.0,0.0,8.578527450561523
125.0,60.0,0.0,10.820456504821777
125.0,55.0,0.0,9.307355880737305
125.0,50.0,0.0,7.804903030395508
126.0,50.0,0.0,8.6282958984375
126.0,60.0,0.0,11.014145851135254
126.0,60.0,0.0,11.797168731689453
126.0,55.0,0.0,11.424214363098145
126.0,55.0,0.0,11.413824081420898
126.0,55.0,0.0,10.490630149841309
126.0,50.0,0.0,8.723886489868164
127.0,55.0,1.0,2.401373863220215
127.0,70.0,1.0,2.255237340927124
127.0,70.0,0.0,2.650804281234741
127.0,65.0,0.0,1.5559375286102295
127.0,65.0,0.0,1.6717523336410522
127.0,65.0,0.0,4.188932418823242
127.0,55.0,0.0,6.205860137939453
128.0,50.0,0.0,8.199774742126465
128.0,50.0,0.0,9.12594223022461
128.0,50.0,0.0,9.498270988464355
128.0,50.0,0.0,8.541085243225098
128.0,50.0,1.0,6.541632652282715
128.0,60.0,1.0,7.201643466949463
128.0,65.0,1.0,7.288400650024414
128.0,75.0,1.0,6.715475082397461
128.0,75.0,0.0,5.257841110229492
128.0,70.0,0.0,7.122300148010254
128.0,65.0,0.0,5.1553449630737305
128.0,65.0,0.0,5.088128566741943
128.0,60.0,0.0,5.680027484893799
128.0,60.0,0.0,4.970277786254883
128.0,60.0,0.0,5.482534408569336
128.0,65.0,0.0,5.266438007354736
128.0,65.0,0.0,4.732731342315674
128.0,70.0,0.0,2.974766731262207
128.0,75.0,0.0,1.3166433572769165
128.0,80.0,0.0,0.7526266574859619
128.0,70.0,0.0,1.432137131690979
128.0,55.0,0.0,1.517930030822754
129.0,50.0,0.0,10.071867942810059
129.0,55.0,0.0,8.927644729614258
129.0,60.0,0.0,9.070667266845703
129.0,60.0,0.0,9.223237991333008
129.0,60.0,0.0,11.982617378234863
129.0,60.0,0.0,12.343463897705078
129.0,60.0,1.0,9.907503128051758
129.0,65.0,1.0,6.938260555267334
129.0,80.0,1.0,7.701052188873291
129.0,90.0,1.0,6.169870853424072
129.0,100.0,1.0,4.8445305824279785
129.0,95.0,0.0,5.4422526359558105
129.0,65.0,0.0,8.578527450561523
129.0,60.0,0.0,10.820456504821777
129.0,55.0,0.0,9.307355880737305
129.0,50.0,0.0,7.804903030395508
130.0,50.0,1.0,5.980140686035156
130.0,65.0,1.0,5.849896430969238
130.0,75.0,1.0,4.882563591003418
130.0,80.0,1.0,4.261514663696289
130.0,85.0,1.0,6.35270881652832
130.0,80.0,0.0,4.438072204589844
130.0,80.0,0.0,4.188420295715332
130.0,75.0,0.0,2.136570692062378
130.0,80.0,0.0,2.475656509399414
130.0,85.0,0.0,2.440382480621338
130.0,90.0,0.0,3.0129776000976562
130.0,95.0,0.0,1.6444066762924194
130.0,95.0,0.0,3.438138723373413
130.0,95.0,0.0,8.851720809936523
130.0,100.0,0.0,9.626996994018555
130.0,100.0,0.0,10.51192855834961
130.0,95.0,0.0,12.995719909667969
130.0,90.0,0.0,14.277054786682129
130.0,85.0,0.0,14.22661304473877
130.0,80.0,0.0,15.795085906982422
130.0,75.0,0.0,20.19523048400879
130.0,70.0,0.0,19.133459091186523
130.0,65.0,0.0,15.257745742797852
130.0,55.0,0.0,13.838094711303711
130.0,50.0,0.0,13.91961669921875
